"","X1","year","month","day","latitude","longitude","location","Akashiwo sp.","Alexandrium spp.","Ammonia","Chlorophyll","Domoic Acid","nitrate","nitrite","Phosphate","pseudo_nitzschia_delicatissima","pseudo_nitzschia_seriata","Silicate","Water Temp","year_month","N+N","Pseudo Nitzschia spp."
"1",1,2008,6,30,34.408,-119.685,"Stearns Wharf",0,0,1.086,12.14,0.05,0.11,0.219,0.851,55000,345000,6.932,18,"2008-6",0.329,4e+05
"2",2,2008,7,7,34.408,-119.685,"Stearns Wharf",0,0,0.986,4.21,0.05,0.006,0.313,1.202,2000,59000,10.673,18,"2008-7",0.319,61000
"3",3,2008,7,14,34.408,-119.685,"Stearns Wharf",500,0,1.26,1.92,0,0.341,0.093,0.454,60000,2e+05,5.894,18.1,"2008-7",0.434,260000
"4",4,2008,7,22,34.408,-119.685,"Stearns Wharf",1200,0,7.786,1.14,0,0.486,0.22,0.685,900,2000,8.684,18.8,"2008-7",0.706,2900
"5",5,2008,7,28,34.408,-119.685,"Stearns Wharf",4000,250,3.516,2.76,0,0.676,0.212,0.553,0,900,8.233,19.4,"2008-7",0.888,900
"6",6,2008,8,5,34.408,-119.685,"Stearns Wharf",500,0,1.442,1.24,0,0.498,0.03,0.261,2300,2700,5.44,19.4,"2008-8",0.528,5000
"7",7,2008,8,11,34.408,-119.685,"Stearns Wharf",0,0,1.527,2.21,0.1,0.372,0.114,0.483,0,540,4.565,18.4,"2008-8",0.486,540
"8",8,2008,8,18,34.408,-119.685,"Stearns Wharf",150,0,1.113,1.64,0,0.367,0.153,0.505,0,0,6.755,18.9,"2008-8",0.52,0
"9",9,2008,8,25,34.408,-119.685,"Stearns Wharf",300,0,3.221,0.92,0,0.509,0.15,0.569,200,1200,8.279,19.6,"2008-8",0.659,1400
"10",10,2008,9,2,34.408,-119.685,"Stearns Wharf",350,0,2.117,2.4,0,0.501,0.043,0.246,3300,3500,4.473,21,"2008-9",0.544,6800
"11",11,2008,9,8,34.408,-119.685,"Stearns Wharf",0,0,2.454,5.47,0,0.496,0.151,0.6,150,300,7.639,17.8,"2008-9",0.647,450
"12",12,2008,9,15,34.408,-119.685,"Stearns Wharf",1300,320,2.317,4.9,0,0.541,0.217,0.606,340,0,6.923,17.4,"2008-9",0.758,340
"13",13,2008,9,22,34.408,-119.685,"Stearns Wharf",100,0,1.347,1.86,0,0.507,0.096,0.343,1900,300,4.015,17.8,"2008-9",0.603,2200
"14",14,2008,9,29,34.408,-119.685,"Stearns Wharf",0,0,2.335,1.82,0,1.228,0.278,0.472,9600,2800,5.737,16.4,"2008-9",1.506,12400
"15",15,2008,10,6,34.408,-119.685,"Stearns Wharf",900,4300,6.714,8.04,0,0.375,0.233,0.627,15300,13400,4.356,18.1,"2008-10",0.608,28700
"16",16,2008,10,20,34.008,-118.499,"Santa Monica Pier",0,0,2.71552,3.6,0.04,1.34071,0.275778,0.62195,0,0,4.50644,16.8,"2008-10",1.616488,0
"17",17,2008,10,21,34.408,-119.685,"Stearns Wharf",100,0,2.799,4.21,0,0.403,0.222,0.597,22000,32000,4.691,15.3,"2008-10",0.625,54000
"18",18,2008,10,27,34.408,-119.685,"Stearns Wharf",42000,1200,3.711,3.31,0,0.358,0.559,0.426,200,3800,3.793,16.7,"2008-10",0.917,4000
"19",19,2008,11,3,35.17,-120.741,"Cal Poly Pier",4265,0,2,16.73,0.05,3.55,0.36,0.63,0,0,78.09,14.3,"2008-11",3.91,0
"20",20,2008,11,3,34.408,-119.685,"Stearns Wharf",150,0,6.437,4.73,0,0.877,0.335,0.724,0,100,6.248,18.3,"2008-11",1.212,100
"21",21,2008,11,11,34.408,-119.685,"Stearns Wharf",5500,0,4.069,1.09,0,10.413,0.338,1.098,1250,450,11.197,15.2,"2008-11",10.751,1700
"22",22,2008,11,18,34.408,-119.685,"Stearns Wharf",27500,0,3.323,3.77,0,2.274,0.321,0.482,4500,24500,6.773,15.9,"2008-11",2.595,29000
"23",23,2008,11,24,34.008,-118.499,"Santa Monica Pier",68722,0,0.585033,42.1,0.04,1.13857,0.229012,0.374104,10752,0,2.88745,17,"2008-11",1.367582,10752
"24",24,2008,11,26,34.408,-119.685,"Stearns Wharf",9500,0,7.223,10.78,0,2.592,0.66,1.269,1800,200,8.93,16.6,"2008-11",3.252,2000
"25",25,2008,12,2,34.408,-119.685,"Stearns Wharf",15600,0,1.19,5.14,0,0.135,0.236,0.517,1150,450,3.808,16.4,"2008-12",0.371,1600
"26",26,2008,12,8,34.408,-119.685,"Stearns Wharf",10800,0,5.815,4.43,0,0.795,0.494,0.766,5700,5800,7.173,15.2,"2008-12",1.289,11500
"27",27,2008,12,15,33.6061,-117.9311,"Newport Pier",10399,0,1.84,4.53,0.08,1.36,0.35,0.36,20799,57197,2.91,16,"2008-12",1.71,77996
"28",28,2008,12,15,34.408,-119.685,"Stearns Wharf",3000,0,5.782,1.03,0.07,8.315,1.71,2.346,400,3100,14.134,12.8,"2008-12",10.025,3500
"29",29,2008,12,31,34.408,-119.685,"Stearns Wharf",100,0,2.731,3.36,0,3.854,0.468,0.788,4600,4400,6.269,12.1,"2008-12",4.322,9000
"30",30,2009,1,5,34.008,-118.499,"Santa Monica Pier",0,0,2.64605,5.5,0.04,3.22225,0.403366,0.543566,413161,0,5.0204,12.5,"2009-1",3.625616,413161
"31",31,2009,1,5,34.408,-119.685,"Stearns Wharf",80,500,3.761,1.83,0,1.919,0.329,1.056,200,5800,6.256,12.4,"2009-1",2.248,6000
"32",32,2009,1,12,34.408,-119.685,"Stearns Wharf",100,0,2.45,0.98,0,2.354,0.237,0.616,0,3100,6.21,13,"2009-1",2.591,3100
"33",33,2009,1,13,34.008,-118.499,"Santa Monica Pier",0,0,2.87,1.5,0.08,1.21,0.13,0.4,13651,0,4.79,14,"2009-1",1.34,13651
"34",34,2009,1,19,35.17,-120.741,"Cal Poly Pier",0,2133,2.84,1.83,0.01,5.52,0.24,0.91,0,0,80.3,12.1,"2009-1",5.76,0
"35",35,2009,1,20,34.408,-119.685,"Stearns Wharf",100,1200,3.407,3.86,0,1.554,0.349,0.789,1100,1500,7.093,13.2,"2009-1",1.903,2600
"36",36,2009,1,26,34.408,-119.685,"Stearns Wharf",0,0,2.64,0.93,0,1.315,0.2,0.632,300,0,5.286,13.9,"2009-1",1.515,300
"37",37,2009,2,2,34.408,-119.685,"Stearns Wharf",0,0,3.183,1.77,0,3.187,0.362,0.796,8200,0,7.276,13.2,"2009-2",3.549,8200
"38",38,2009,2,9,34.408,-119.685,"Stearns Wharf",0,0,3.65,1.03,0,1.189,0.3,0.584,750,300,6.101,12.4,"2009-2",1.489,1050
"39",39,2009,2,16,34.008,-118.499,"Santa Monica Pier",0,0,1.47,6.5,0.04,3.92,0.31,0.83,6523,0,6.48,14,"2009-2",4.23,6523
"40",40,2009,2,17,34.408,-119.685,"Stearns Wharf",0,0,3.233,1.78,0,7.031,0.647,0.958,3500,550,11.389,12.1,"2009-2",7.678,4050
"41",41,2009,2,23,34.408,-119.685,"Stearns Wharf",0,0,2.815,7.33,0,3.327,0.325,0.567,3620,660,8.594,13.9,"2009-2",3.652,4280
"42",42,2009,2,24,34.008,-118.499,"Santa Monica Pier",0,0,2.56,4,0.04,1.06,0.25,0.32,1683,0,3.75,14,"2009-2",1.31,1683
"43",43,2009,3,2,34.408,-119.685,"Stearns Wharf",0,0,4.123,2.26,0,3.48,0.4,0.862,7800,2600,9.243,14.2,"2009-3",3.88,10400
"44",44,2009,3,2,34.008,-118.499,"Santa Monica Pier",0,0,1.96,7.5,0.05,1.04,0.07,0.43,5984,0,5.85,14.4,"2009-3",1.11,5984
"45",45,2009,3,2,35.17,-120.741,"Cal Poly Pier",0,0,0.01,5.93,0.04,5.54,1.12,0.06,0,0,0.21,12.8,"2009-3",6.66,0
"46",46,2009,3,9,34.408,-119.685,"Stearns Wharf",0,0,0.339,10.4,0.09,0.31,0.092,0.362,74800,37100,3.748,13.2,"2009-3",0.402,111900
"47",47,2009,3,9,34.008,-118.499,"Santa Monica Pier",0,0,7.37,4,0.08,0.91,0.11,0.52,8976,0,2.84,14.4,"2009-3",1.02,8976
"48",48,2009,3,16,34.008,-118.499,"Santa Monica Pier",56,0,3.82,5.5,0.16,1.48,0.15,0.59,0,684.42,3.06,14,"2009-3",1.63,684.42
"49",49,2009,3,16,35.17,-120.741,"Cal Poly Pier",0,0,0.01,15.48,0.04,3.51,0.38,0.73,0,0,59.65,11.1,"2009-3",3.89,0
"50",50,2009,3,17,34.408,-119.685,"Stearns Wharf",0,0,3.729,1.68,0.17,0.847,0.222,0.824,19300,10800,5.754,14.8,"2009-3",1.069,30100
"51",51,2009,3,23,34.408,-119.685,"Stearns Wharf",0,0,3.915,1.02,0.22,10.933,0.303,1.338,0,9600,17.175,10,"2009-3",11.236,9600
"52",52,2009,3,31,34.408,-119.685,"Stearns Wharf",0,0,3.883,1.86,1.12,3.824,0.202,1.027,800,30600,7.997,12.9,"2009-3",4.026,31400
"53",53,2009,4,6,34.408,-119.685,"Stearns Wharf",0,0,8.145,1.12,0,3.972,0.213,0.935,1200,4200,8.063,13.6,"2009-4",4.185,5400
"54",54,2009,4,6,35.17,-120.741,"Cal Poly Pier",0,0,0.35,14.15,0.08,0.57,0.12,0.39,0,0,40.57,11,"2009-4",0.69,0
"55",55,2009,4,13,34.408,-119.685,"Stearns Wharf",0,0,7.195,0.93,0,4.849,0.267,1.061,1500,2500,11.43,14.6,"2009-4",5.116,4000
"56",56,2009,4,13,35.17,-120.741,"Cal Poly Pier",0,0,2.37,1.2,0.21,11.56,0.34,1.54,0,0,44.66,12.7,"2009-4",11.9,0
"57",57,2009,4,14,34.008,-118.499,"Santa Monica Pier",0,0,3.92,2.41,0.06,0.78,0.21,0.71,0,2431,8.27,16.2,"2009-4",0.99,2431
"58",58,2009,4,20,32.867,-117.257,"Scripps Pier",0,0,0.11,1.82,0.22,0.25,0.03,0.03,346364,115152,2.2,16.7,"2009-4",0.28,461516
"59",59,2009,4,21,34.008,-118.499,"Santa Monica Pier",0,0,4.1,7.02,0.09,0.55,0.12,0.3,0,0,2.03,16.2,"2009-4",0.67,0
"60",60,2009,4,21,34.408,-119.685,"Stearns Wharf",0,0,8.214,3.44,0.51,10.044,0.355,1.018,7300,10600,18.652,14.5,"2009-4",10.399,17900
"61",61,2009,4,21,34.4161076,-119.8287494,"Goleta Pier",0,0,4.16624,1.37603,0.54,7.34024,0.223287,0.875708,2200,10000,15.5513,15.2,"2009-4",7.563527,12200
"62",62,2009,4,27,32.867,-117.257,"Scripps Pier",0,0,1,1.66,0.07,3.96,0.14,0.6,29091,16667,7.7,15.8,"2009-4",4.1,45758
"63",63,2009,4,27,34.408,-119.685,"Stearns Wharf",0,0,3.338,2.49,1.26,9.609,0.37,1.108,1700,27200,15.85,13.1,"2009-4",9.979,28900
"64",64,2009,4,27,34.4161076,-119.8287494,"Goleta Pier",0,0,1.66853,1.14201,0.46,11.5901,0.320315,1.29048,1500,12200,19.6911,13,"2009-4",11.910415,13700
"65",65,2009,4,27,35.17,-120.741,"Cal Poly Pier",0,0,2.84,5.58,0.09,15.19,0.55,1.65,0,0,57.4,10.7,"2009-4",15.74,0
"66",66,2009,4,28,34.008,-118.499,"Santa Monica Pier",187,0,4.54,6.52,0.2,0.55,0.28,0.65,0,0,1.67,16.5,"2009-4",0.83,0
"67",67,2009,5,4,32.867,-117.257,"Scripps Pier",0,0,0.32,3.82,0.051,0.3,0.04,0.17,30909,2121,2.3,17.7,"2009-5",0.34,33030
"68",68,2009,5,4,34.408,-119.685,"Stearns Wharf",0,0,9.423,3.78,0.22,0.88,0.136,0.481,0,5300,0.723,15.2,"2009-5",1.016,5300
"69",69,2009,5,4,34.4161076,-119.8287494,"Goleta Pier",0,0,26.3806,2.97621,2.64,7.98017,0.218169,1.27362,0,98200,8.76314,13.4,"2009-5",8.198339,98200
"70",70,2009,5,4,35.17,-120.741,"Cal Poly Pier",0,0,32.73,4.75,0.12,2.67,0.49,0.8,0,8530,32.39,10.9,"2009-5",3.16,8530
"71",71,2009,5,5,34.008,-118.499,"Santa Monica Pier",0,0,4.15,2.51,1.32,0.42,0.27,0.48,149619,0,0.79,18.2,"2009-5",0.69,149619
"72",72,2009,5,11,32.867,-117.257,"Scripps Pier",0,0,0.19,4.45,0.05,0.17,0.02,0.07,55152,0,1.6,18.9,"2009-5",0.19,55152
"73",73,2009,5,11,34.408,-119.685,"Stearns Wharf",0,0,6.822,2.58,0.18,1.622,0.121,0.509,0,12500,1.271,15.2,"2009-5",1.743,12500
"74",74,2009,5,11,34.4161076,-119.8287494,"Goleta Pier",0,0,5.27632,4.28692,0.72,1.76677,0.155094,0.38117,600,29900,0.521643,14.2,"2009-5",1.921864,30500
"75",75,2009,5,12,34.008,-118.499,"Santa Monica Pier",0,0,2.83,2.41,0.28,0.25,0.29,0.42,0,0,0.55,17.7,"2009-5",0.54,0
"76",76,2009,5,18,34.408,-119.685,"Stearns Wharf",0,0,1.957,4.8,0.38,0.416,0.295,1.248,87100,6900,1.641,16,"2009-5",0.711,94000
"77",77,2009,5,18,34.4161076,-119.8287494,"Goleta Pier",0,0,1.41795,4.69097,0.25,0.501845,0.135431,0.370946,95700,6300,0.067957,15.9,"2009-5",0.637276,102000
"78",78,2009,5,18,35.17,-120.741,"Cal Poly Pier",0,0,9.17,6.53,0.3,3.63,0.39,0.49,8530,0,29.95,11.3,"2009-5",4.02,8530
"79",79,2009,5,25,34.408,-119.685,"Stearns Wharf",0,0,5.446,3.69,0,2.4,0.275,0.786,449200,2400,5.399,14.2,"2009-5",2.675,451600
"80",80,2009,5,25,34.4161076,-119.8287494,"Goleta Pier",0,0,3.63267,3.79417,0.079,2.14934,0.211962,0.68267,555400,600,3.47577,14.2,"2009-5",2.361302,556000
"81",81,2009,6,1,34.408,-119.685,"Stearns Wharf",0,0,9.243,1.84,0.042,4.213,0.419,1.367,47100,2800,11.433,14.6,"2009-6",4.632,49900
"82",82,2009,6,1,34.4161076,-119.8287494,"Goleta Pier",0,0,2.35378,2.21737,0,0.594541,0.334207,0.781352,31900,0,5.99157,14.6,"2009-6",0.928748,31900
"83",83,2009,6,2,33.6061,-117.9311,"Newport Pier",0,0,2.01,4.17,0.04,1.86,0.17,0.42,10399,0,6.08,17,"2009-6",2.03,10399
"84",84,2009,6,2,34.008,-118.499,"Santa Monica Pier",0,0,2.93,1.2,0.08,3.28,0.21,0.62,0,0,5.69,18,"2009-6",3.49,0
"85",85,2009,6,8,33.6061,-117.9311,"Newport Pier",0,0,2.58,4.27,0.08,3.12,0.12,0.35,41598,62396,5.43,16.5,"2009-6",3.24,103994
"86",86,2009,6,8,34.408,-119.685,"Stearns Wharf",0,0,0.911,4.31,0,0.09,0.194,0.51,25100,600,4.89,16.5,"2009-6",0.284,25700
"87",87,2009,6,8,34.4161076,-119.8287494,"Goleta Pier",0,0,1.30763,4.75996,0,0.444595,0.182345,0.709017,40600,0,3.67596,16.5,"2009-6",0.62694,40600
"88",88,2009,6,8,34.008,-118.499,"Santa Monica Pier",0,0,1.66,3.01,0.26,0.71,0.25,0.49,0,748,3.09,19,"2009-6",0.96,748
"89",89,2009,6,8,35.17,-120.741,"Cal Poly Pier",0,2133,0.73,7.05,0.16,2.27,0.13,0.44,0,0,60.24,16.2,"2009-6",2.4,0
"90",90,2009,6,15,33.6061,-117.9311,"Newport Pier",0,0,1.56,2.23,0.04,1.18,0.22,0.39,20799,0,4.36,17,"2009-6",1.4,20799
"91",91,2009,6,15,34.408,-119.685,"Stearns Wharf",0,0,1.29,2.5,0.13,0.313,0.052,0.33,99400,0,4.99,16.4,"2009-6",0.365,99400
"92",92,2009,6,15,34.4161076,-119.8287494,"Goleta Pier",0,0,1.76214,4.70411,0.14,0.29928,0.149955,0.52378,55000,0,5.92918,17,"2009-6",0.449235,55000
"93",93,2009,6,16,34.008,-118.499,"Santa Monica Pier",0,0,8.73,1.5,0.41,0.57,0.14,0.33,1683,3927,1.86,21,"2009-6",0.71,5610
"94",94,2009,6,22,34.4161076,-119.8287494,"Goleta Pier",0,0,2.90065,3.77446,0.22,1.55461,0.433359,1.1554,261700,0,8.13419,13.5,"2009-6",1.987969,261700
"95",95,2009,6,29,34.408,-119.685,"Stearns Wharf",0,0,4.1,5.18,0.057,1.369,0.347,0.991,190000,0,9.136,16.5,"2009-6",1.716,190000
"96",96,2009,6,29,34.4161076,-119.8287494,"Goleta Pier",0,0,2.16484,3.48867,0.044,0.926446,0.327117,0.946965,73800,0,5.83939,17.2,"2009-6",1.253563,73800
"97",97,2009,6,30,34.008,-118.499,"Santa Monica Pier",0,0,2.12,1.2,0.05,0.51,0.1,0.47,0,187,4.4,19,"2009-6",0.61,187
"98",98,2009,7,6,32.867,-117.257,"Scripps Pier",0,0,0.36,3.24,0.056,0.34,0.04,0.32,56061,0,5,18,"2009-7",0.38,56061
"99",99,2009,7,6,34.408,-119.685,"Stearns Wharf",0,0,0.844,17.08,0.2,0.21,0.247,0.474,539800,0,0.649,15.2,"2009-7",0.457,539800
"100",100,2009,7,6,34.4161076,-119.8287494,"Goleta Pier",0,0,1.54179,6.30719,0.14,0.433576,0.271587,0.714555,357700,0,1.01142,16.8,"2009-7",0.705163,357700
"101",101,2009,7,13,34.408,-119.685,"Stearns Wharf",0,0,1.526,1.89,0,0.706,0.081,0.454,8800,0,3.061,19.2,"2009-7",0.787,8800
"102",102,2009,7,13,34.4161076,-119.8287494,"Goleta Pier",0,0,0.644489,2.28636,0.081,0.307063,0.036812,0.349258,42700,0,0.604748,19.1,"2009-7",0.343875,42700
"103",103,2009,7,21,34.008,-118.499,"Santa Monica Pier",0,0,8.98,2,0.05,0.56,0.17,0.39,0,1122,0.12,21,"2009-7",0.73,1122
"104",104,2009,7,22,34.408,-119.685,"Stearns Wharf",0,0,0.931,8.1,0,0.764,0.132,0.535,11100,0,7.594,15.2,"2009-7",0.896,11100
"105",105,2009,7,22,34.4161076,-119.8287494,"Goleta Pier",0,0,2.47997,1.89743,0,0.391599,0.061107,0.643716,25700,0,4.8755,16,"2009-7",0.452706,25700
"106",106,2009,7,27,34.4161076,-119.8287494,"Goleta Pier",0,0,1.19762,3.10967,0,0.190797,0.163168,0.602646,28500,43000,3.27444,16,"2009-7",0.353965,71500
"107",107,2009,7,27,34.408,-119.685,"Stearns Wharf",0,14700,3.234,5.64,0,0.892,0.245,0.875,1400,5000,9.938,17,"2009-7",1.137,6400
"108",108,2009,8,3,34.4161076,-119.8287494,"Goleta Pier",0,0,1.50549,0.282471,0,0.413748,0.069518,0.512067,20200,40500,0.588101,18,"2009-8",0.483266,60700
"109",109,2009,8,3,34.408,-119.685,"Stearns Wharf",0,0,3.795,1.53,0.059,0.464,0.203,0.543,93100,49200,1.748,16,"2009-8",0.667,142300
"110",110,2009,8,4,34.008,-118.499,"Santa Monica Pier",0,0,3.27,1.5,0.04,0.39,0.35,0.42,0,0,2.06,21,"2009-8",0.74,0
"111",111,2009,8,10,34.4161076,-119.8287494,"Goleta Pier",0,0,2.97786,0.418475,0,0.901936,0.107588,0.781012,9600,19200,3.78626,19,"2009-8",1.009524,28800
"112",112,2009,8,10,34.408,-119.685,"Stearns Wharf",0,2000,3.374,1.53,0,1.184,0.21,0.696,0,16600,5.662,17,"2009-8",1.394,16600
"113",113,2009,8,11,34.008,-118.499,"Santa Monica Pier",0,0,3.04,2.81,0.06,0.27,0.22,0.5,0,0,3.35,19.4,"2009-8",0.49,0
"114",114,2009,8,17,32.867,-117.257,"Scripps Pier",0,0,0.18,0.93,0.41,0.08,0.01,0.2,0,0,1.1,22.1,"2009-8",0.09,0
"115",115,2009,8,17,34.4161076,-119.8287494,"Goleta Pier",0,0,1.30216,1.08926,0,0.524241,0.116139,0.572571,13400,27000,2.57661,17,"2009-8",0.64038,40400
"116",116,2009,8,17,34.408,-119.685,"Stearns Wharf",0,1100,1.125,1.23,0,0.5,0.073,0.206,24600,50200,1.53,16.5,"2009-8",0.573,74800
"117",117,2009,8,17,35.17,-120.741,"Cal Poly Pier",0,0,0.51,4,0.16,2.66,0.33,0.7,307088,14928,60.08,14.3,"2009-8",2.99,322016
"118",118,2009,8,24,34.408,-119.685,"Stearns Wharf",0,0,1.271,1.02,0,0.554,0.203,0.449,5600,21000,4.462,17,"2009-8",0.757,26600
"119",119,2009,8,24,34.4161076,-119.8287494,"Goleta Pier",0,13400,3.30128,0.474357,0,0.653473,0.128951,0.673495,3600,9800,5.67165,17.8,"2009-8",0.782424,13400
"120",120,2009,8,24,35.17,-120.741,"Cal Poly Pier",0,0,4.25,1.45,1.6,4.01,0.37,0.92,183400,31988,70.61,13.7,"2009-8",4.38,215388
"121",121,2009,8,31,34.408,-119.685,"Stearns Wharf",0,1700,1.019,1.88,0,0.328,0.11,0.287,62200,500,2.4,17.2,"2009-8",0.438,62700
"122",122,2009,8,31,34.4161076,-119.8287494,"Goleta Pier",0,2300,1.78814,2.05554,0,0.253068,0.137038,0.394048,1e+05,300,0.624996,17.1,"2009-8",0.390106,100300
"123",123,2009,8,31,35.17,-120.741,"Cal Poly Pier",0,0,3.25,2.79,2.55,2.95,0.28,0.68,379594,0,65.24,15.5,"2009-8",3.23,379594
"124",124,2009,9,7,35.17,-120.741,"Cal Poly Pier",0,0,8,4.38,0.46,3.24,0.1,1.39,19193,21326,101,15,"2009-9",3.34,40519
"125",125,2009,9,8,34.408,-119.685,"Stearns Wharf",0,0,1.173,2.06,0,0.13,0.1,0.259,0,0,1.122,19.8,"2009-9",0.23,0
"126",126,2009,9,8,34.4161076,-119.8287494,"Goleta Pier",0,300,1.28915,2.09068,0,0.270643,0.229947,0.494832,0,0,2.37259,19.5,"2009-9",0.50059,0
"127",127,2009,9,21,34.408,-119.685,"Stearns Wharf",0,800,2.892,3.64,0,0.395,0.22,0.702,0,0,5.254,18,"2009-9",0.615,0
"128",128,2009,9,21,34.4161076,-119.8287494,"Goleta Pier",0,4700,1.69824,4.33948,0,0.406871,0.07441,0.417684,0,400,1.20493,19,"2009-9",0.481281,400
"129",129,2009,9,28,34.408,-119.685,"Stearns Wharf",0,3300,1.667,5.15,0,0.335,0.136,0.433,0,0,5.624,18,"2009-9",0.471,0
"130",130,2009,9,28,34.4161076,-119.8287494,"Goleta Pier",0,9500,1.82352,7.8708,0,0.203061,0.37526,0.782658,0,0,5.95636,17.5,"2009-9",0.578321,0
"131",131,2009,10,5,34.408,-119.685,"Stearns Wharf",0,0,6.75,0.47,0,1.91,0.148,1.31,0,0,13.475,17,"2009-10",2.058,0
"132",132,2009,10,6,34.4161076,-119.8287494,"Goleta Pier",0,0,16.8525,2.65288,0,4.7434,0.263227,0.767665,2900,0,8.672,17.5,"2009-10",5.006627,2900
"133",133,2009,10,12,34.408,-119.685,"Stearns Wharf",0,0,1.314,2.81,0,0.693,0.074,0.501,11900,100,3.052,16,"2009-10",0.767,12000
"134",134,2009,10,13,34.4161076,-119.8287494,"Goleta Pier",60,0,1.63929,0.939826,0,0.515587,0.054269,0.471271,4880,0,1.72097,17,"2009-10",0.569856,4880
"135",135,2009,10,19,34.408,-119.685,"Stearns Wharf",0,0,2.424,7.45,0,0.504,0.067,0.781,0,0,4.013,18,"2009-10",0.571,0
"136",136,2009,10,20,34.4161076,-119.8287494,"Goleta Pier",0,0,2.16184,0.913671,0,0.786045,0.22075,0.59699,1420,300,3.56073,17,"2009-10",1.006795,1720
"137",137,2009,10,26,34.408,-119.685,"Stearns Wharf",0,0,7.234,3.44,0,1.008,0.3,1.169,0,0,7.297,17.5,"2009-10",1.308,0
"138",138,2009,10,27,34.4161076,-119.8287494,"Goleta Pier",180,0,0.686289,4.32192,0,0.099777,0.16206,0.575164,560,0,5.12462,16.5,"2009-10",0.261837,560
"139",139,2009,11,2,34.408,-119.685,"Stearns Wharf",0,0,0.935,2.21,0,0.421,0.046,0.395,16000,0,1.903,14.8,"2009-11",0.467,16000
"140",140,2009,11,3,34.4161076,-119.8287494,"Goleta Pier",240,0,0.536789,2.70559,0,0.441088,0.022347,0.423702,9160,8480,2.75741,15.5,"2009-11",0.463435,17640
"141",141,2009,11,9,34.408,-119.685,"Stearns Wharf",0,0,2.604,4.55,0,0.34,0.373,0.888,300,600,6.647,16.1,"2009-11",0.713,900
"142",142,2009,11,9,34.4161076,-119.8287494,"Goleta Pier",40,0,0.577813,4.26921,0,0.245792,0.066186,0.502869,600,560,3.5942,17,"2009-11",0.311978,1160
"143",143,2009,11,16,34.408,-119.685,"Stearns Wharf",0,0,0.74,3.9,0,0.631,0.161,0.49,2600,1300,5.08,15.2,"2009-11",0.792,3900
"144",144,2009,11,17,34.4161076,-119.8287494,"Goleta Pier",40,0,0.408386,1.79201,0,0.454378,0.348879,0.3091,1520,580,2.37407,16,"2009-11",0.803257,2100
"145",145,2009,11,23,34.408,-119.685,"Stearns Wharf",0,0,3.065,5.38,0,0.36,0.304,0.639,500,0,5.677,16,"2009-11",0.664,500
"146",146,2009,11,30,34.408,-119.685,"Stearns Wharf",0,0,2.727,0.96,0,2.219,0.554,0.68,700,400,5.108,16.5,"2009-11",2.773,1100
"147",147,2009,12,1,34.4161076,-119.8287494,"Goleta Pier",0,0,1.29128,1.25968,0,1.41785,0.387712,0.434547,1100,200,3.17577,16,"2009-12",1.805562,1300
"148",148,2009,12,7,34.4161076,-119.8287494,"Goleta Pier",200,0,2.33695,1.72621,0.11,1.29535,0.378821,0.647237,2000,1400,4.20003,0,"2009-12",1.674171,3400
"149",149,2009,12,14,34.408,-119.685,"Stearns Wharf",0,0,2.754,1.29,0,0.634,0.865,0.884,0,0,6.531,15,"2009-12",1.499,0
"150",150,2009,12,14,34.4161076,-119.8287494,"Goleta Pier",0,0,2.63273,0.948713,0,1.56071,0.489228,0.61735,1500,0,5.32415,15,"2009-12",2.049938,1500
"151",151,2009,12,21,34.408,-119.685,"Stearns Wharf",20,0,3.865,1.74,0,0.954,0.378,0.686,200,40,5.424,13.5,"2009-12",1.332,240
"152",152,2009,12,21,34.4161076,-119.8287494,"Goleta Pier",20,0,1.70101,1.49954,0,0.639094,0.258409,0.47598,180,420,3.40661,13.5,"2009-12",0.897503,600
"153",153,2009,12,28,34.408,-119.685,"Stearns Wharf",0,0,3.865,1.99,0,1.534,0.575,0.739,500,0,6.663,14.8,"2009-12",2.109,500
"154",154,2009,12,28,34.4161076,-119.8287494,"Goleta Pier",0,0,2.35101,2.54747,0,1.33488,0.517958,0.738751,0,0,4.89203,14.8,"2009-12",1.852838,0
"155",155,2010,1,4,34.408,-119.685,"Stearns Wharf",0,0,3.665,2.25,0,1.104,0.263,0.593,8900,0,4.114,14.8,"2010-1",1.367,8900
"156",156,2010,1,5,34.4161076,-119.8287494,"Goleta Pier",20,0,1.62969,2.14339,0,0.936481,0.306619,0.442762,620,260,3.03619,14.5,"2010-1",1.2431,880
"157",157,2010,1,11,34.008,-118.499,"Santa Monica Pier",0,0,1.66875,1.2,0.05,0.398574,0.049496,0.353947,0,0,3.02747,14.8,"2010-1",0.44807,0
"158",158,2010,1,11,34.408,-119.685,"Stearns Wharf",100,0,8.232,1,0,1.394,0.451,0.913,2500,200,6.734,16,"2010-1",1.845,2700
"159",159,2010,1,12,34.4161076,-119.8287494,"Goleta Pier",40,0,2.33152,1.84472,0,0.829448,0.308815,0.546369,840,360,3.54971,14.5,"2010-1",1.138263,1200
"160",160,2010,1,19,34.408,-119.685,"Stearns Wharf",0,0,2.601,1.17,0.05,2.069,1.388,1.073,0,500,5.139,14.8,"2010-1",3.457,500
"161",161,2010,1,19,34.4161076,-119.8287494,"Goleta Pier",0,0,2.27453,1.95013,0,1.73115,1.6402,1.20188,0,120,6.86671,14,"2010-1",3.37135,120
"162",162,2010,1,25,34.008,-118.499,"Santa Monica Pier",0,0,3.88305,0.8,0.02,1.65462,0.285869,0.536346,0,882,5.11893,14,"2010-1",1.940489,882
"163",163,2010,1,25,34.408,-119.685,"Stearns Wharf",0,0,3.374,0.58,0,4.087,0.498,0.952,0,400,8.485,14,"2010-1",4.585,400
"164",164,2010,1,26,34.4161076,-119.8287494,"Goleta Pier",0,0,1.97663,0.896007,0,1.93126,0.827841,0.7769,0,0,6.04879,13.5,"2010-1",2.759101,0
"165",165,2010,2,1,34.008,-118.499,"Santa Monica Pier",0,0,5.08032,2.5,0.05,1.91017,0.18868,0.219397,0,374,3.7639,14.5,"2010-2",2.09885,374
"166",166,2010,2,1,34.408,-119.685,"Stearns Wharf",0,0,2.908,1.48,0,1.591,0.659,0.765,3900,200,6.213,15.2,"2010-2",2.25,4100
"167",167,2010,2,2,34.4161076,-119.8287494,"Goleta Pier",0,0,1.80509,6.32475,0,1.49898,0.452767,0.52552,380,80,4.19009,15.5,"2010-2",1.951747,460
"168",168,2010,2,8,34.408,-119.685,"Stearns Wharf",0,0,4.152,0.56,0,1.994,0.645,0.998,0,120,7.314,12.5,"2010-2",2.639,120
"169",169,2010,2,16,34.408,-119.685,"Stearns Wharf",0,0,4.104,1.59,0,1.557,0.401,0.722,1200,300,4.681,13.5,"2010-2",1.958,1500
"170",170,2010,2,16,34.4161076,-119.8287494,"Goleta Pier",0,0,1.93523,1.80958,0,1.25982,0.518255,0.628259,0,600,4.12553,15,"2010-2",1.778075,600
"171",171,2010,2,23,34.4161076,-119.8287494,"Goleta Pier",0,0,2.66963,0.820461,0,1.24894,0.310367,0.521761,680,160,3.99151,14.5,"2010-2",1.559307,840
"172",172,2010,3,2,34.408,-119.685,"Stearns Wharf",0,0,4.395,1.86,0,1.458,0.407,0.752,0,800,5.668,15,"2010-3",1.865,800
"173",173,2010,3,2,34.4161076,-119.8287494,"Goleta Pier",0,0,1.44394,1.63903,0,0.937469,0.233631,0.471128,260,240,3.11978,14.5,"2010-3",1.1711,500
"174",174,2010,3,8,34.408,-119.685,"Stearns Wharf",0,0,4.761,1.06,0,2.555,0.424,1.108,6200,900,7.687,13.5,"2010-3",2.979,7100
"175",175,2010,3,15,34.408,-119.685,"Stearns Wharf",0,0,3.138,3.61,0,8.441,0.295,1.016,25200,1900,11.691,12.5,"2010-3",8.736,27100
"176",176,2010,3,15,34.4161076,-119.8287494,"Goleta Pier",0,0,3.08388,3.40834,0,5.21865,0.244169,0.781532,31700,3200,9.42837,14,"2010-3",5.462819,34900
"177",177,2010,3,22,32.867,-117.257,"Scripps Pier",0,0,0.54,2.12,0.19,0.07,0.04,0.22,130000,69091,2.9,15.7,"2010-3",0.11,199091
"178",178,2010,3,22,34.408,-119.685,"Stearns Wharf",0,0,5.053,3.02,0,2.161,0.363,1.159,11400,5200,5.87,14.5,"2010-3",2.524,16600
"179",179,2010,3,22,34.4161076,-119.8287494,"Goleta Pier",0,0,1.91576,4.84898,0,1.37518,0.270384,0.460429,4700,18100,3.56629,14.5,"2010-3",1.645564,22800
"180",180,2010,3,29,34.408,-119.685,"Stearns Wharf",0,0,4.807,2.28,0,1.812,0.35,1.136,2000,1300,4.015,14,"2010-3",2.162,3300
"181",181,2010,3,29,34.008,-118.499,"Santa Monica Pier",0,0,1.54157,1,0.05,0.775654,0.087574,0.199315,0,0,1.4694,16,"2010-3",0.863228,0
"182",182,2010,4,5,34.4161076,-119.8287494,"Goleta Pier",0,0,2.6834,2.22538,0,7.66373,0.501071,1.1029,5400,700,12.2395,15,"2010-4",8.164801,6100
"183",183,2010,4,5,34.408,-119.685,"Stearns Wharf",0,0,14.431,2.23,0,11.932,0.694,1.489,0,620,15.753,13,"2010-4",12.626,620
"184",184,2010,4,14,34.4161076,-119.8287494,"Goleta Pier",0,0,4.81228,1.20893,0.051,1.26376,0.227644,0.769273,280,620,4.44598,14.5,"2010-4",1.491404,900
"185",185,2010,4,19,34.408,-119.685,"Stearns Wharf",0,0,1.503,1.38,0,15.001,0.452,1.545,1780,1100,25.826,15.5,"2010-4",15.453,2880
"186",186,2010,4,19,34.4161076,-119.8287494,"Goleta Pier",0,0,3.34879,1.61633,0.041,0.467478,0.136738,0.461556,1000,1800,4.8248,16,"2010-4",0.604216,2800
"187",187,2010,4,26,34.008,-118.499,"Santa Monica Pier",0,0,5.87,3.00712,0.04,6.61,0.54,0.8,0,8602,8.68,13.5,"2010-4",7.15,8602
"188",188,2010,4,26,32.867,-117.257,"Scripps Pier",0,0,0.4,20.46,0.08,0.32,0.05,0.48,47576,10000,8.4,14.8,"2010-4",0.37,57576
"189",189,2010,5,3,34.408,-119.685,"Stearns Wharf",0,0,5.646,2.67,0,1.011,0.35,1.304,300,400,6.057,13,"2010-5",1.361,700
"190",190,2010,5,3,32.867,-117.257,"Scripps Pier",400,0,0.66,20.46,0.087,0.06,0.02,0.26,369600,22400,2.4,15.7,"2010-5",0.08,392000
"191",191,2010,5,3,34.008,-118.499,"Santa Monica Pier",0,0,3.00826,6.01425,0.04,1.38434,0.152412,0.703986,0,0,4.11966,14.8,"2010-5",1.536752,0
"192",192,2010,5,5,34.4161076,-119.8287494,"Goleta Pier",0,0,2.11043,13.7973,0,1.59997,0.223463,0.590804,1100,3800,4.33801,14.5,"2010-5",1.823433,4900
"193",193,2010,5,10,34.408,-119.685,"Stearns Wharf",0,0,7.101,0.74,0,6.509,0.356,1.92,800,11000,10.276,14.5,"2010-5",6.865,11800
"194",194,2010,5,17,34.408,-119.685,"Stearns Wharf",0,0,7.125,2.25,0.078,3.366,0.295,1.548,5000,23000,7.345,13,"2010-5",3.661,28000
"195",195,2010,5,17,34.008,-118.499,"Santa Monica Pier",0,0,10.6426,29.0689,0.27,0.237789,0.256971,2.35391,0,0,5.90313,15.5,"2010-5",0.49476,0
"196",196,2010,5,17,32.867,-117.257,"Scripps Pier",400,0,0.29,18.26,0.12,0.02,0,0.22,12000,1200,3.1,16.8,"2010-5",0.02,13200
"197",197,2010,5,24,32.867,-117.257,"Scripps Pier",400,0,0.23,11.08,0.044,0.46,0.04,0.37,10400,1200,5.9,16.9,"2010-5",0.5,11600
"198",198,2010,5,24,34.408,-119.685,"Stearns Wharf",0,0,11.023,2.51,0.28,16.586,0.374,2.177,5600,55800,18.358,14,"2010-5",16.96,61400
"199",199,2010,5,26,34.4161076,-119.8287494,"Goleta Pier",0,0,8.69393,3.53718,0.52,12.2467,0.32258,1.58256,11500,61500,12.8637,13.5,"2010-5",12.56928,73000
"200",200,2010,5,31,32.867,-117.257,"Scripps Pier",400,0,0.07,4.11,0.061,0.06,0,0.25,247200,5600,5.4,17.1,"2010-5",0.06,252800
"201",201,2010,6,2,34.408,-119.685,"Stearns Wharf",0,0,6.093,4.52,0.12,2.186,0.168,0.774,4000,33100,4.778,14.5,"2010-6",2.354,37100
"202",202,2010,6,3,34.4161076,-119.8287494,"Goleta Pier",0,0,3.83099,3.95883,0,2.39702,0.163343,0.604022,8800,23900,2.57111,14,"2010-6",2.560363,32700
"203",203,2010,6,7,34.408,-119.685,"Stearns Wharf",0,0,1.241,4.1,0.072,0.526,0.063,0.192,0,2600,1.633,17.5,"2010-6",0.589,2600
"204",204,2010,6,7,34.4161076,-119.8287494,"Goleta Pier",0,0,4.49598,2.31908,0,0.642518,0.112503,0.346111,0,3300,3.36767,14.5,"2010-6",0.755021,3300
"205",205,2010,6,8,32.867,-117.257,"Scripps Pier",400,0,0.11,18.91,0.053,0.01,0.01,0.18,6400,0,5,18.9,"2010-6",0.02,6400
"206",206,2010,6,14,34.408,-119.685,"Stearns Wharf",0,0,0.718,2.25,0.36,0.201,0.037,0.235,43800,21600,2.139,16.5,"2010-6",0.238,65400
"207",207,2010,6,14,34.4161076,-119.8287494,"Goleta Pier",0,0,1.26923,2.6236,0.52,0.283718,0.070755,0.27372,34000,36600,1.9516,16.5,"2010-6",0.354473,70600
"208",208,2010,6,14,32.867,-117.257,"Scripps Pier",400,0,0.12,5.37,0.05,0,0.01,0.2,6400,0,4.8,19.6,"2010-6",0.01,6400
"209",209,2010,6,16,33.6061,-117.9311,"Newport Pier",0,0,2.69,5.26,0.04,0.77,0.24,0.16,0,0,3.09,20,"2010-6",1.01,0
"210",210,2010,6,22,33.6061,-117.9311,"Newport Pier",0,0,2.56,9.93,0.09,0.53,0.36,0.11,0,0,2.4,20.5,"2010-6",0.89,0
"211",211,2010,6,30,34.408,-119.685,"Stearns Wharf",0,0,6.941,1.59,0.059,1.164,0.185,1.21,11400,0,10.129,16.5,"2010-6",1.349,11400
"212",212,2010,6,30,34.4161076,-119.8287494,"Goleta Pier",0,0,2.76567,2.45963,0.27,0.533631,0.086037,0.415702,7100,25700,1.35843,16,"2010-6",0.619668,32800
"213",213,2010,7,6,34.408,-119.685,"Stearns Wharf",0,0,1.171,5.43,0.21,0.268,0.041,1.055,0,2100,10.276,15.5,"2010-7",0.309,2100
"214",214,2010,7,6,34.4161076,-119.8287494,"Goleta Pier",0,0,1.09063,11.1035,1.46,0.298748,0.053434,0.482249,0,15000,2.97765,15.5,"2010-7",0.352182,15000
"215",215,2010,7,12,34.408,-119.685,"Stearns Wharf",0,0,2.206,6.56,0.25,0.407,0.048,1.123,0,300,15.897,15,"2010-7",0.455,300
"216",216,2010,7,12,34.4161076,-119.8287494,"Goleta Pier",0,0,4.46801,1.71003,0.64,0.936809,0.152775,0.852647,0,10300,4.21503,16,"2010-7",1.089584,10300
"217",217,2010,7,13,32.867,-117.257,"Scripps Pier",0,0,0.38,2.01,0.08,1.31,0.09,0.43,1600,0,6.8,17.2,"2010-7",1.4,1600
"218",218,2010,7,19,34.408,-119.685,"Stearns Wharf",0,0,0.449,14.06,0.053,0,0.02,0.629,0,0,9.357,16.5,"2010-7",0.02,0
"219",219,2010,7,19,34.4161076,-119.8287494,"Goleta Pier",0,0,1.18326,6.67613,0.47,0.232686,0.107762,0.689235,0,9300,6.01353,17.5,"2010-7",0.340448,9300
"220",220,2010,7,26,34.408,-119.685,"Stearns Wharf",0,0,1.849,7.57,0,0.294,0.04,0.472,0,0,3.264,15.5,"2010-7",0.334,0
"221",221,2010,7,26,34.4161076,-119.8287494,"Goleta Pier",0,0,2.74926,5.48145,0.056,0.606417,0.084068,0.513919,3500,0,2.77722,16,"2010-7",0.690485,3500
"222",222,2010,7,28,33.6061,-117.9311,"Newport Pier",0,0,1.89,2.13,0.34,0.21,0.11,0.25,70196,0,4.56,18,"2010-7",0.32,70196
"223",223,2010,8,2,34.408,-119.685,"Stearns Wharf",0,0,2.772,4.19,2.47,0.479,0.062,0.301,12500,35100,0.012,15,"2010-8",0.541,47600
"224",224,2010,8,2,34.4161076,-119.8287494,"Goleta Pier",0,0,0.920776,5.66885,1.82,0.304462,0.058139,0.351392,2000,44200,0.602592,15,"2010-8",0.362601,46200
"225",225,2010,8,3,33.6061,-117.9311,"Newport Pier",0,0,4.66,4.95,0.05,0.38,0.38,0.17,0,0,1.41,17,"2010-8",0.76,0
"226",226,2010,8,9,34.408,-119.685,"Stearns Wharf",0,0,4.122,4.83,0.33,4.752,0.327,0.777,19200,63800,5.673,14,"2010-8",5.079,83000
"227",227,2010,8,9,34.4161076,-119.8287494,"Goleta Pier",0,0,4.38346,1.65146,0.44,0.783194,0.12463,0.475154,5400,18800,1.44472,16.5,"2010-8",0.907824,24200
"228",228,2010,8,19,34.408,-119.685,"Stearns Wharf",0,0,3.363,3.76,0.64,0.443,0.083,0.32,14300,44400,4.801,16.5,"2010-8",0.526,58700
"229",229,2010,8,19,34.4161076,-119.8287494,"Goleta Pier",0,0,7.27717,3.74215,0.53,0.806802,0.209917,0.585987,24600,23100,9.27946,17,"2010-8",1.016719,47700
"230",230,2010,8,26,34.408,-119.685,"Stearns Wharf",600,3400,1.859,11.42,0.33,0.541,0.199,1.408,9800,142700,8.555,14,"2010-8",0.74,152500
"231",231,2010,8,26,34.4161076,-119.8287494,"Goleta Pier",0,0,4.83865,5.63957,0.26,0.532503,0.207321,0.670908,17000,88300,6.67306,14.5,"2010-8",0.739824,105300
"232",232,2010,8,30,32.867,-117.257,"Scripps Pier",0,0,1.68,0.92,0.048,0.2,0.01,0.34,3200,0,3.1,19.4,"2010-8",0.21,3200
"233",233,2010,8,30,34.008,-118.499,"Santa Monica Pier",0,0,13.3101,3.00712,0.2,2.99132,0.190763,69.3966,1335,0,10.7976,18,"2010-8",3.182083,1335
"234",234,2010,9,7,34.408,-119.685,"Stearns Wharf",800,0,3.046,9.29,0,1.829,0.367,0.89,0,1800,14.56,16,"2010-9",2.196,1800
"235",235,2010,9,7,34.4161076,-119.8287494,"Goleta Pier",0,0,7.9168,4.40976,0,2.84172,0.37331,0.903229,1200,17300,9.32549,16.5,"2010-9",3.21503,18500
"236",236,2010,9,13,34.408,-119.685,"Stearns Wharf",12100,0,5.673,6.47,0,2.138,0.334,0.908,0,0,11.598,15,"2010-9",2.472,0
"237",237,2010,9,13,34.4161076,-119.8287494,"Goleta Pier",3600,1000,4.12485,8.57355,0,2.1756,0.312849,0.719291,0,0,5.30534,15,"2010-9",2.488449,0
"238",238,2010,9,20,34.408,-119.685,"Stearns Wharf",2900,0,3.008,2.72,0,0.35,0.181,0.58,0,0,4.531,16.5,"2010-9",0.531,0
"239",239,2010,9,20,34.4161076,-119.8287494,"Goleta Pier",1200,0,2.61467,1.37036,0,0.35328,0.21751,0.564791,0,6400,3.8583,17.5,"2010-9",0.57079,6400
"240",240,2010,9,27,34.408,-119.685,"Stearns Wharf",3200,2800,2.138,6.11,0,0.903,0.239,0.633,0,0,4.923,17.5,"2010-9",1.142,0
"241",241,2010,9,27,34.4161076,-119.8287494,"Goleta Pier",0,0,3.80207,2.93398,0.18,0.632327,0.206802,0.562076,8700,5600,3.78733,17.5,"2010-9",0.839129,14300
"242",242,2010,10,4,34.408,-119.685,"Stearns Wharf",3200,0,5.56,11.08,0,0.517,0.21,0.703,0,0,5.02,16.5,"2010-10",0.727,0
"243",243,2010,10,4,34.4161076,-119.8287494,"Goleta Pier",4700,0,4.29362,16.6083,0,0.910268,0.247589,0.557634,0,0,6.18406,18,"2010-10",1.157857,0
"244",244,2010,10,11,34.408,-119.685,"Stearns Wharf",400,0,6.956,4.08,0,0.648,0.245,0.735,0,0,3.466,17,"2010-10",0.893,0
"245",245,2010,10,11,34.4161076,-119.8287494,"Goleta Pier",15500,2400,3.17,12.7675,0,1.20599,0.276,0.499929,0,0,3.75023,18,"2010-10",1.48199,0
"246",246,2010,10,18,34.408,-119.685,"Stearns Wharf",700,0,7.671,3.19,0,0.771,0.152,0.617,8800,0,3.568,17.5,"2010-10",0.923,8800
"247",247,2010,10,18,34.4161076,-119.8287494,"Goleta Pier",7000,0,15.3782,6.01612,0,0.740774,0.194261,0.462938,38800,0,4.69235,17.5,"2010-10",0.935035,38800
"248",248,2010,10,25,34.408,-119.685,"Stearns Wharf",0,0,4.705,1.85,0,0.675,0.198,0.667,223400,0,3.767,15.5,"2010-10",0.873,223400
"249",249,2010,10,25,34.4161076,-119.8287494,"Goleta Pier",0,0,3.20776,2.23933,0.049,0.156374,0.070996,0.304346,351800,0,2.25579,16.5,"2010-10",0.22737,351800
"250",250,2010,11,1,34.408,-119.685,"Stearns Wharf",0,0,3.171,4.56,0.059,0.772,0.274,0.576,174800,0,3.593,15,"2010-11",1.046,174800
"251",251,2010,11,1,34.4161076,-119.8287494,"Goleta Pier",4000,0,25.942,6.5676,0.067,6.53689,0.683962,1.31946,239000,0,14.589,15,"2010-11",7.220852,239000
"252",252,2010,11,1,32.867,-117.257,"Scripps Pier",400,0,0.16,2.78,0.087,-0.01,0.02,0.21,317600,3600,2.2,18.3,"2010-11",0.01,321200
"253",253,2010,11,8,34.408,-119.685,"Stearns Wharf",2200,0,5.607,1.37,0,1.347,0.384,1.129,5100,0,10.561,15.5,"2010-11",1.731,5100
"254",254,2010,11,8,32.867,-117.257,"Scripps Pier",0,0,0.3,1.71,0.1,0,0.01,0.22,312000,2800,2,18.3,"2010-11",0.01,314800
"255",255,2010,11,8,34.4161076,-119.8287494,"Goleta Pier",2600,0,3.48293,4.64578,0,10.7985,0.814908,1.10299,54800,0,13.3711,16.5,"2010-11",11.613408,54800
"256",256,2010,11,15,34.408,-119.685,"Stearns Wharf",1500,0,2.036,4.29,0,0.176,0.167,0.623,138800,15600,3.78,16,"2010-11",0.343,154400
"257",257,2010,11,15,34.4161076,-119.8287494,"Goleta Pier",1000,0,2.95208,3.82692,0.043,15.5302,0.569621,1.22154,137500,0,18.2458,16,"2010-11",16.099821,137500
"258",258,2010,11,22,34.408,-119.685,"Stearns Wharf",0,0,2.121,0.53,0,0.036,0.33,0.842,10800,0,6.533,12.5,"2010-11",0.366,10800
"259",259,2010,11,22,34.4161076,-119.8287494,"Goleta Pier",0,0,3.456,0.618323,0,16.2387,0.466802,1.42621,18100,1800,17.6886,13.5,"2010-11",16.705502,19900
"260",260,2010,11,29,34.4161076,-119.8287494,"Goleta Pier",0,0,17.5315,0.802149,0,6.02012,0.854833,1.484,9500,9300,10.9089,11,"2010-11",6.874953,18800
"261",261,2010,12,6,34.408,-119.685,"Stearns Wharf",0,1100,3.511,10.68,0,0.196,0.258,0.795,2500,15500,9.488,12.5,"2010-12",0.454,18000
"262",262,2010,12,6,34.4161076,-119.8287494,"Goleta Pier",0,0,1.98154,6.78485,0.22,0.580828,0.160927,0.425982,14000,88800,0.798178,13,"2010-12",0.741755,102800
"263",263,2010,12,13,34.408,-119.685,"Stearns Wharf",3100,0,19.538,6.5,0,1,0.263,0.882,11100,4200,3.564,13.5,"2010-12",1.263,15300
"264",264,2010,12,13,34.4161076,-119.8287494,"Goleta Pier",700,0,23.5767,2.20591,0,2.58463,0.366054,0.87861,11800,5300,4.15041,13.5,"2010-12",2.950684,17100
"265",265,2010,12,13,32.867,-117.257,"Scripps Pier",82800,2000,0.53,10.76,0.041,0.26,0.03,0.35,70400,54000,2.9,13.7,"2010-12",0.29,124400
"266",266,2011,1,3,33.6061,-117.9311,"Newport Pier",20799,0,2.01,7.58,0.05,2.41,0.15,0.51,0,0,5.14,13,"2011-1",2.56,0
"267",267,2011,1,5,34.408,-119.685,"Stearns Wharf",1300,0,4.38,1.4,0,5.909,0.504,1.042,5600,1300,10.974,12,"2011-1",6.413,6900
"268",268,2011,1,5,34.4161076,-119.8287494,"Goleta Pier",900,0,3.9188,3.02477,0,4.11048,0.484516,0.746736,6700,3200,5.93611,12,"2011-1",4.594996,9900
"269",269,2011,1,10,34.408,-119.685,"Stearns Wharf",700,0,19.532,1.59,0,5.113,0.573,1.114,5400,0,10.525,13.5,"2011-1",5.686,5400
"270",270,2011,1,10,34.4161076,-119.8287494,"Goleta Pier",5000,0,27.5364,7.3029,0,3.15539,0.449351,0.720611,0,0,6.41573,13.5,"2011-1",3.604741,0
"271",271,2011,1,17,34.008,-118.499,"Santa Monica Pier",0,0,2.16513,6.4152,0.19,1.12197,0.220537,0.375571,16456,1496,3.84171,15,"2011-1",1.342507,17952
"272",272,2011,1,24,34.408,-119.685,"Stearns Wharf",0,0,12.122,1.14,0.14,0.755,0.24,0.847,0,6000,6.426,13,"2011-1",0.995,6000
"273",273,2011,1,31,32.867,-117.257,"Scripps Pier",2400,0,0.27,5.06,0.041,0.16,0.03,0.27,32400,4800,1.2,14.3,"2011-1",0.19,37200
"274",274,2011,1,31,34.408,-119.685,"Stearns Wharf",0,0,7.477,0.81,0,1.229,0.228,0.703,4100,0,4.831,14.5,"2011-1",1.457,4100
"275",275,2011,1,31,34.4161076,-119.8287494,"Goleta Pier",0,0,10.2814,0.759615,0.12,3.38429,0.464039,0.866708,5100,0,6.14338,14,"2011-1",3.848329,5100
"276",276,2011,2,7,34.408,-119.685,"Stearns Wharf",700,0,6.265,2.57,0.067,1.146,0.296,0.686,10300,13000,4.388,14.5,"2011-2",1.442,23300
"277",277,2011,2,7,34.4161076,-119.8287494,"Goleta Pier",0,0,7.41876,1.07337,0,2.01451,0.284408,0.585274,10800,4800,3.8267,15,"2011-2",2.298918,15600
"278",278,2011,2,14,34.408,-119.685,"Stearns Wharf",0,0,12.165,4.93,0.5,0.708,0.231,0.69,15200,23500,3.415,14,"2011-2",0.939,38700
"279",279,2011,2,14,34.4161076,-119.8287494,"Goleta Pier",4300,0,9.47244,3.87705,0.37,1.41161,0.263545,0.555624,5600,21400,3.54311,14,"2011-2",1.675155,27000
"280",280,2011,2,22,34.408,-119.685,"Stearns Wharf",0,0,8.939,2.17,0.098,7.537,0.425,1.152,6300,1300,42.282,12,"2011-2",7.962,7600
"281",281,2011,2,22,34.4161076,-119.8287494,"Goleta Pier",0,0,6.93881,1.47061,0.16,1.70049,0.337866,0.694884,2400,2200,4.51043,13,"2011-2",2.038356,4600
"282",282,2011,3,1,34.408,-119.685,"Stearns Wharf",0,0,10.73,1.57,0.24,6.666,0.291,0.892,10400,4800,11.556,12,"2011-3",6.957,15200
"283",283,2011,3,1,33.6061,-117.9311,"Newport Pier",0,23399,0.93,5.54,0.05,2.43,0.11,0.36,54597,15599,3.71,15.5,"2011-3",2.54,70196
"284",284,2011,3,1,34.4161076,-119.8287494,"Goleta Pier",0,0,7.66422,1.2286,0.12,8.81581,0.381829,0.996033,9500,1500,11.4908,12.5,"2011-3",9.197639,11000
"285",285,2011,3,8,33.6061,-117.9311,"Newport Pier",0,0,3.33,5.95,0.1,12.01,0.39,1.01,23399,10399,10.9,13.5,"2011-3",12.4,33798
"286",286,2011,3,8,34.408,-119.685,"Stearns Wharf",0,0,3.674,2.02,2.57,16.843,0.337,1.637,1200,130000,25.032,13,"2011-3",17.18,131200
"287",287,2011,3,8,34.4161076,-119.8287494,"Goleta Pier",0,0,6.47656,0.280727,0.1,21.5848,0.351926,1.89046,0,9300,31.9034,12,"2011-3",21.936726,9300
"288",288,2011,3,14,34.008,-118.499,"Santa Monica Pier",0,0,5.68331,22.5534,1.5,2.77074,0.193816,0.454872,1538940,341986,2.12231,13.5,"2011-3",2.964556,1880926
"289",289,2011,3,16,34.408,-119.685,"Stearns Wharf",0,0,4.323,3.74,0.29,0.426,0.093,0.331,17900,22700,1.438,14,"2011-3",0.519,40600
"290",290,2011,3,16,34.4161076,-119.8287494,"Goleta Pier",0,0,3.40762,2.50672,0.29,10.1824,0.354524,1.06659,4100,24000,12.5421,13,"2011-3",10.536924,28100
"291",291,2011,3,21,34.408,-119.685,"Stearns Wharf",0,0,3.689,4.03,1.8,23.9,0.779,1.956,4300,56400,56.238,12,"2011-3",24.679,60700
"292",292,2011,3,21,34.4161076,-119.8287494,"Goleta Pier",0,0,3.58459,8.1329,5.31,7.68498,0.662174,1.52635,5900,87600,10.1144,12.5,"2011-3",8.347154,93500
"293",293,2011,3,28,34.408,-119.685,"Stearns Wharf",0,0,4.906,2.97,1.19,4.75,0.284,0.406,0,63500,15.801,13,"2011-3",5.034,63500
"294",294,2011,3,28,34.4161076,-119.8287494,"Goleta Pier",0,0,4.07585,10.0046,6.56,5.35039,0.384799,0.775372,0,254000,4.91291,13,"2011-3",5.735189,254000
"295",295,2011,4,4,34.408,-119.685,"Stearns Wharf",0,0,8.228,3.14,0.051,3.999,0.298,0.996,5800,11900,8.797,13,"2011-4",4.297,17700
"296",296,2011,4,4,34.4161076,-119.8287494,"Goleta Pier",0,0,8.44095,2.59027,1.33,2.88143,0.231812,0.656938,2800,49100,3.73153,14,"2011-4",3.113242,51900
"297",297,2011,4,11,34.408,-119.685,"Stearns Wharf",0,0,15.344,0.35,0.11,13.274,0.535,1.899,800,5100,23.735,13.5,"2011-4",13.809,5900
"298",298,2011,4,11,34.008,-118.499,"Santa Monica Pier",0,0,6.27874,0.7,0.042,6.71851,0.318079,0.866805,5610,0,8.51927,14,"2011-4",7.036589,5610
"299",299,2011,4,18,34.408,-119.685,"Stearns Wharf",0,0,12.442,5.06,9.33,1.11,0.255,1.171,0,82700,3.668,15,"2011-4",1.365,82700
"300",300,2011,4,18,34.008,-118.499,"Santa Monica Pier",0,0,7.05184,1.3,0.047,3.95846,0.403395,0.603726,17578,2618,3.78697,17,"2011-4",4.361855,20196
"301",301,2011,4,26,34.408,-119.685,"Stearns Wharf",0,0,10.598,3.07,0.084,7.119,0.4,1.565,0,10000,12.569,13,"2011-4",7.519,10000
"302",302,2011,4,26,34.4161076,-119.8287494,"Goleta Pier",0,0,4.33288,2.49001,0.052,15.2666,0.589717,1.56428,0,9000,20.5471,12.5,"2011-4",15.856317,9000
"303",303,2011,5,2,34.408,-119.685,"Stearns Wharf",0,0,1.815,4.58,0.094,0,0.042,0.129,0,12200,0.583,15,"2011-5",0.042,12200
"304",304,2011,5,2,34.4161076,-119.8287494,"Goleta Pier",0,0,2.59475,9.90989,0.058,0.279178,0.077611,0.302391,0,15100,2.2392,15,"2011-5",0.356789,15100
"305",305,2011,5,9,34.408,-119.685,"Stearns Wharf",0,0,7.113,4.46,0.082,0.986,0.13,0.909,0,8500,4.003,12.5,"2011-5",1.116,8500
"306",306,2011,5,9,34.4161076,-119.8287494,"Goleta Pier",0,0,7.45596,16.756,0.22,7.69773,0.493715,1.43801,0,14900,12.1809,13,"2011-5",8.191445,14900
"307",307,2011,5,16,34.408,-119.685,"Stearns Wharf",0,0,9.44,11.1,0.4,12.109,0.449,1.923,0,7500,20.283,13,"2011-5",12.558,7500
"308",308,2011,5,16,34.4161076,-119.8287494,"Goleta Pier",0,0,5.15929,3.05819,0.19,12.0333,0.280815,1.3091,0,7200,14.1865,14,"2011-5",12.314115,7200
"309",309,2011,5,23,34.4161076,-119.8287494,"Goleta Pier",0,0,12.2976,4.92988,2.49,4.04691,0.306148,0.822385,0,140800,4.67664,15,"2011-5",4.353058,140800
"310",310,2011,5,31,33.6061,-117.9311,"Newport Pier",0,0,1.03,9.03,0.11,5.98,0.17,0.57,5858320,207988,7.03,15,"2011-5",6.15,6066308
"311",311,2011,5,31,34.408,-119.685,"Stearns Wharf",0,0,6.617,0.77,0.28,19.94,0.379,2.054,145900,235700,27.733,15,"2011-5",20.319,381600
"312",312,2011,6,6,32.867,-117.257,"Scripps Pier",400,0,1.46,2.59,0.26,0.15,0.05,0.33,484800,30400,0.66,17.7,"2011-6",0.2,515200
"313",313,2011,6,6,34.408,-119.685,"Stearns Wharf",0,0,4.426,2.19,0.2,1.122,0.211,0.744,26700,115700,5.053,15,"2011-6",1.333,142400
"314",314,2011,6,6,34.4161076,-119.8287494,"Goleta Pier",0,0,1.97657,3.7935,0.68,0.022146,0.139533,0.311111,33300,90000,0.817671,15,"2011-6",0.161679,123300
"315",315,2011,6,6,34.008,-118.499,"Santa Monica Pier",0,0,1.56804,2,0.048,0.968003,0.153661,0.49217,28424,0,3.52884,17.5,"2011-6",1.121664,28424
"316",316,2011,6,13,34.408,-119.685,"Stearns Wharf",0,0,18.845,0.49,0.27,0.244,0.05,0.238,5100,15000,0.81,16,"2011-6",0.294,20100
"317",317,2011,6,13,34.4161076,-119.8287494,"Goleta Pier",0,0,4.22998,1.16312,0.74,0.86695,0.078137,0.365268,4500,39700,1.76816,16,"2011-6",0.945087,44200
"318",318,2011,6,20,34.408,-119.685,"Stearns Wharf",0,0,13.01,1.57,0.74,1.731,0.326,1.878,9000,50000,8.717,15.5,"2011-6",2.057,59000
"319",319,2011,6,20,34.4161076,-119.8287494,"Goleta Pier",0,0,8.79997,2.70725,2.31,0.399838,0.185001,0.564623,13500,102500,1.80236,15.5,"2011-6",0.584839,116000
"320",320,2011,6,27,34.408,-119.685,"Stearns Wharf",0,0,4.861,1.91,0,0.665,0.186,0.826,0,0,5.362,17,"2011-6",0.851,0
"321",321,2011,7,15,35.17,-120.741,"Cal Poly Pier",0,0,4.96,3.19,0.05,8.05,0.41,1.05,38382,6397,16.35,17,"2011-7",8.46,44779
"322",322,2011,7,29,35.17,-120.741,"Cal Poly Pier",0,0,1.79,7.39,0.79,1.65,0.16,0.47,36249,81028,5.97,17,"2011-7",1.81,117277
"323",323,2011,8,12,35.17,-120.741,"Cal Poly Pier",0,0,2.92,14.26,0.21,4.43,0.3,0.87,95954,70366,12.07,17,"2011-8",4.73,166320
"324",324,2011,8,29,35.17,-120.741,"Cal Poly Pier",0,0,3.2,2.13,0.42,1.61,0.07,0.56,57572,14926,3.11,17,"2011-8",1.68,72498
"325",325,2011,10,13,35.17,-120.741,"Cal Poly Pier",0,0,2.28,2.85,0.04,10.22,0.58,1.34,17098,0,25.17,16,"2011-10",10.8,17098
"326",326,2011,10,31,34.408,-119.685,"Stearns Wharf",0,0,4.69,2.32,0,0.448,0.035,0.41,2599,2599,5.508,17,"2011-10",0.483,5198
"327",327,2011,11,7,34.408,-119.685,"Stearns Wharf",0,0,12.538,0.51,0,8.826,0.561,1.251,1485,743,16.545,13,"2011-11",9.387,2228
"328",328,2011,11,14,34.408,-119.685,"Stearns Wharf",371,0,4.138,8.11,0,0.935,0.124,0.404,1485,371,6.341,14,"2011-11",1.059,1856
"329",329,2011,11,17,35.17,-120.741,"Cal Poly Pier",0,42745,2.43,6.32,0.37,4.47,0.1,0.57,0,1470420,3.64,14,"2011-11",4.57,1470420
"330",330,2011,11,21,34.408,-119.685,"Stearns Wharf",0,0,11.545,1.57,0,0.975,0.15,1.035,232,2320,7.195,15,"2011-11",1.125,2552
"331",331,2011,11,27,34.408,-119.685,"Stearns Wharf",0,0,3.188,1.22,0,0.556,0.11,0.471,4409,464,3.93,15,"2011-11",0.666,4873
"332",332,2011,12,7,34.408,-119.685,"Stearns Wharf",0,0,2.456,1.09,0,1.791,0.215,0.559,80,0,5.731,16,"2011-12",2.006,80
"333",333,2011,12,12,34.408,-119.685,"Stearns Wharf",0,0,2.605,4.88,0,0.891,0.14,0.495,4409,1160,4.533,14,"2011-12",1.031,5569
"334",334,2011,12,18,34.408,-119.685,"Stearns Wharf",0,0,7.141,1.32,0,0.764,0.155,0.577,3481,10906,3.617,15,"2011-12",0.919,14387
"335",335,2011,12,27,34.408,-119.685,"Stearns Wharf",0,0,6.514,0.98,0,1.697,0.284,0.707,0,160,5.877,13,"2011-12",1.981,160
"336",336,2012,1,2,34.408,-119.685,"Stearns Wharf",0,0,39.209,0.61,0,2.313,0.306,0.677,480,120,6.229,14.5,"2012-1",2.619,600
"337",337,2012,1,9,34.008,-118.499,"Santa Monica Pier",0,0,2.73857,1.2,0.041,0.626273,0.756484,0.569055,19448,0,2.82112,15,"2012-1",1.382757,19448
"338",338,2012,1,9,34.408,-119.685,"Stearns Wharf",0,0,12.817,0.85,0,1.964,0.376,0.643,7193,9978,6.473,15,"2012-1",2.34,17171
"339",339,2012,1,16,34.408,-119.685,"Stearns Wharf",0,0,40.207,1.96,0,0.498,0.081,0.271,6729,10906,3.348,14,"2012-1",0.579,17635
"340",340,2012,1,23,32.867,-117.257,"Scripps Pier",2400,0,0.09,6.27,0.08,0.33,0.06,0.23,341600,91200,1.31,13.9,"2012-1",0.39,432800
"341",341,2012,1,23,34.008,-118.499,"Santa Monica Pier",0,0,2.40204,12.2,0.12,1.42814,0.573078,0.447127,32538,0,3.21465,13.5,"2012-1",2.001218,32538
"342",342,2012,1,23,34.408,-119.685,"Stearns Wharf",0,0,2.639,1.05,0,3.09,0.234,0.611,920,280,7.083,14,"2012-1",3.324,1200
"343",343,2012,1,30,34.408,-119.685,"Stearns Wharf",0,0,9.554,5.1,0.15,0.656,0.088,0.321,107665,113698,2.064,14,"2012-1",0.744,221363
"344",344,2012,2,6,34.408,-119.685,"Stearns Wharf",232,0,19.823,1.55,0.11,0.411,0.129,1.912,9978,51048,1.559,14,"2012-2",0.54,61026
"345",345,2012,2,6,32.867,-117.257,"Scripps Pier",0,0,0.6,1.62,0.042,0.39,0.07,0.22,96800,25600,1.12,14.5,"2012-2",0.46,122400
"346",346,2012,2,13,34.408,-119.685,"Stearns Wharf",0,0,24.027,0.82,0,1.407,0.195,0.654,80,0,5.756,16,"2012-2",1.602,80
"347",347,2012,2,13,34.008,-118.499,"Santa Monica Pier",0,374,11.7117,1,0.053,1.00081,1.71795,0.728117,8228,0,5.86564,15,"2012-2",2.71876,8228
"348",348,2012,2,21,34.408,-119.685,"Stearns Wharf",0,0,30.393,1.78,0,4.239,0.165,0.706,16243,928,9.617,13,"2012-2",4.404,17171
"349",349,2012,2,28,34.408,-119.685,"Stearns Wharf",0,0,6.616,0.32,0,6.087,0.319,1.449,40,0,13.158,13,"2012-2",6.406,40
"350",350,2012,3,12,32.867,-117.257,"Scripps Pier",0,0,0.27,8.21,0.041,1.49,0.11,0.31,20800,38400,4.71,13.3,"2012-3",1.6,59200
"351",351,2012,3,13,34.408,-119.685,"Stearns Wharf",0,0,6.325,0.67,0,12.063,0.373,1.548,0,80,18.45,15,"2012-3",12.436,80
"352",352,2012,3,19,34.408,-119.685,"Stearns Wharf",0,0,8.205,0.65,0,14.914,0.329,1.652,0,40,21.397,12,"2012-3",15.243,40
"353",353,2012,3,26,34.408,-119.685,"Stearns Wharf",0,0,6.186,3.65,0.046,2.189,0.072,0.614,0,16011,5.74,13,"2012-3",2.261,16011
"354",354,2012,4,2,34.408,-119.685,"Stearns Wharf",0,0,10.153,1.87,0,3.879,0.137,1.068,0,200,5.36,14,"2012-4",4.016,200
"355",355,2012,4,9,34.408,-119.685,"Stearns Wharf",0,0,8.435,1.31,0,13.32,0.419,1.692,0,160,11.125,13,"2012-4",13.739,160
"356",356,2012,4,16,33.6061,-117.9311,"Newport Pier",0,0,2.66,9.96,0.63,3.37,0.22,0.81,71496,246985,8.83,15,"2012-4",3.59,318481
"357",357,2012,4,16,34.408,-119.685,"Stearns Wharf",0,0,8.11,0.22,0,20.394,0.347,1.755,0,0,24.104,13,"2012-4",20.741,0
"358",358,2012,4,23,33.6061,-117.9311,"Newport Pier",0,0,3.6,3.25,0.07,2.22,0.11,0.46,67596,158590,1.95,17,"2012-4",2.33,226186
"359",359,2012,4,23,34.408,-119.685,"Stearns Wharf",0,0,3.232,4.46,0,10.388,0.259,1.156,180,0,15.153,14,"2012-4",10.647,180
"360",360,2012,4,30,32.867,-117.257,"Scripps Pier",0,0,0.73,1.4,0.12,0.3,0.02,0.17,114800,253600,0.59,16.5,"2012-4",0.32,368400
"361",361,2012,4,30,34.408,-119.685,"Stearns Wharf",0,0,1.056,4.77,0,0.854,0.026,0.342,0,3713,7.976,15,"2012-4",0.88,3713
"362",362,2012,5,7,34.408,-119.685,"Stearns Wharf",0,0,9.897,1.32,0,0.687,0.026,0.437,0,10210,1.879,16,"2012-5",0.713,10210
"363",363,2012,5,14,34.408,-119.685,"Stearns Wharf",0,0,184.472,0.51,0,0.692,0.146,0.315,0,464,0.888,14,"2012-5",0.838,464
"364",364,2012,5,31,34.408,-119.685,"Stearns Wharf",0,0,3.582,3.43,0.14,0.51,0.115,0.623,2970,37868,1.66,15,"2012-5",0.625,40838
"365",365,2012,6,5,34.008,-118.499,"Santa Monica Pier",0,0,2.48994,1,0.1,0.711469,1.65382,0.404627,1496,4488,3.0452,19,"2012-6",2.365289,5984
"366",366,2012,6,12,34.408,-119.685,"Stearns Wharf",0,0,90.501,3.13,0,0.457,0.096,0.647,23668,17171,4.879,17,"2012-6",0.553,40839
"367",367,2012,6,14,35.17,-120.741,"Cal Poly Pier",0,0,0.5,3.71,0.48,0.88,0.09,0.24,0,40514,0.52,15.3,"2012-6",0.97,40514
"368",368,2012,6,25,34.408,-119.685,"Stearns Wharf",0,0,4.214,0.86,0,0.231,0.032,0.421,6033,7657,4.05,18,"2012-6",0.263,13690
"369",369,2012,6,29,35.17,-120.741,"Cal Poly Pier",0,0,0.83,4.26,0.29,0.95,0.11,0.32,0,29852,1.09,16.1,"2012-6",1.06,29852
"370",370,2012,7,2,34.008,-118.499,"Santa Monica Pier",374,0,3.83921,0.5,0.25,0.45535,0.752918,0.218096,19822,28050,2.51066,19,"2012-7",1.208268,47872
"371",371,2012,7,3,34.408,-119.685,"Stearns Wharf",0,0,3.552,1.03,0.063,0.396,0.076,0.741,13226,3945,4.9,17,"2012-7",0.472,17171
"372",372,2012,7,11,35.17,-120.741,"Cal Poly Pier",0,2132,1.59,3.11,0.39,1.01,0.16,0.42,0,59705,3.94,15.9,"2012-7",1.17,59705
"373",373,2012,7,17,34.408,-119.685,"Stearns Wharf",0,0,0.944,3.38,0.15,0.327,0.095,0.32,0,5801,2.18,17,"2012-7",0.422,5801
"374",374,2012,7,23,34.408,-119.685,"Stearns Wharf",0,0,4.703,2.51,0.091,0.34,0.121,0.551,464,4641,5.308,17,"2012-7",0.461,5105
"375",375,2012,7,30,34.008,-118.499,"Santa Monica Pier",0,0,3.14311,4.3,0.092,0.578999,1.01195,0.26367,2992,31790,1.67377,19.5,"2012-7",1.590949,34782
"376",376,2012,7,30,34.408,-119.685,"Stearns Wharf",0,0,1.24,1.74,1.49,0.248,0.069,0.289,3249,64274,0.345,16,"2012-7",0.317,67523
"377",377,2012,8,6,34.408,-119.685,"Stearns Wharf",0,0,400,2.06,0,0.228,0.092,0.135,0,464,4.533,18.5,"2012-8",0.32,464
"378",378,2012,8,14,34.408,-119.685,"Stearns Wharf",0,0,7.905,1.75,0,0,0.039,0.256,1856,928,1.64,17,"2012-8",0.039,2784
"379",379,2012,8,20,34.408,-119.685,"Stearns Wharf",0,0,2.697,2.52,0.24,0,0.046,0.407,11138,55225,2.922,20,"2012-8",0.046,66363
"380",380,2012,8,24,35.17,-120.741,"Cal Poly Pier",0,0,0.36,5.16,0.07,1.98,0.16,0.41,22949,5871,2.34,11,"2012-8",2.14,28820
"381",381,2012,8,27,34.408,-119.685,"Stearns Wharf",0,0,1.119,0.99,0,0.249,0.072,0.274,15778,2088,1.884,17,"2012-8",0.321,17866
"382",382,2012,9,4,34.408,-119.685,"Stearns Wharf",0,0,7.363,1.72,0,0.501,0.149,0.81,0,0,8.244,17,"2012-9",0.65,0
"383",383,2012,9,20,35.17,-120.741,"Cal Poly Pier",0,0,0.58,5.98,0.79,0.57,0.08,0.32,0,10674,4.2,15.9,"2012-9",0.65,10674
"384",384,2012,9,24,34.408,-119.685,"Stearns Wharf",0,0,2.077,9.11,0,0.176,0.103,0.585,0,0,7.545,18,"2012-9",0.279,0
"385",385,2012,10,1,34.408,-119.685,"Stearns Wharf",0,0,1.615,0.65,0,0.208,0.092,0.364,1624,5337,4.234,18,"2012-10",0.3,6961
"386",386,2012,10,8,34.408,-119.685,"Stearns Wharf",0,0,0.745,0.7,0,0,0.011,0.243,0,464,2.927,18,"2012-10",0.011,464
"387",387,2012,10,15,34.408,-119.685,"Stearns Wharf",0,0,2.065,1.55,0,0.355,0.128,0.543,0,464,5.052,18,"2012-10",0.483,464
"388",388,2012,10,19,35.17,-120.741,"Cal Poly Pier",0,0,0.88,3.26,4.42,2.48,0.2,0.64,3202,39493,4.23,17,"2012-10",2.68,42695
"389",389,2012,10,22,34.408,-119.685,"Stearns Wharf",0,0,0.689,1.7,0,0,0.045,0.357,928,0,5.024,18,"2012-10",0.045,928
"390",390,2012,10,29,34.408,-119.685,"Stearns Wharf",0,0,1.487,0.56,0,0.331,0.046,0.38,3600,1480,3.353,17,"2012-10",0.377,5080
"391",391,2012,11,5,34.408,-119.685,"Stearns Wharf",0,0,2.662,1.14,0,0.504,0.166,0.677,17867,1624,5.506,15,"2012-11",0.67,19491
"392",392,2012,11,12,34.008,-118.499,"Santa Monica Pier",0,0,4.00388,3.2,0.061,2.93039,0.326819,0.744162,13090,16456,5.98536,15,"2012-11",3.257209,29546
"393",393,2012,11,12,34.408,-119.685,"Stearns Wharf",0,0,88.776,0.33,0,6.654,0.455,0.965,5600,80,10.548,14,"2012-11",7.109,5680
"394",394,2012,11,19,34.408,-119.685,"Stearns Wharf",0,0,2.297,0.63,0,0.49,0.135,0.39,6265,10210,2.663,15,"2012-11",0.625,16475
"395",395,2012,11,26,34.408,-119.685,"Stearns Wharf",0,0,2.572,1.3,0,0.373,0.071,0.325,800,0,2.073,16,"2012-11",0.444,800
"396",396,2012,12,4,34.408,-119.685,"Stearns Wharf",0,0,26.998,2.52,0,0.549,0.15,0.476,0,0,3.254,12,"2012-12",0.699,0
"397",397,2012,12,10,34.408,-119.685,"Stearns Wharf",0,0,21.018,2.12,0,0.709,0.219,0.451,280,0,5.966,14,"2012-12",0.928,280
"398",398,2012,12,17,34.408,-119.685,"Stearns Wharf",0,0,10.142,3.04,0,1.091,0.241,0.375,4641,0,4.894,14,"2012-12",1.332,4641
"399",399,2012,12,27,34.408,-119.685,"Stearns Wharf",0,0,3.776,3.48,0,1.738,0.172,0.364,18099,928,3.503,14,"2012-12",1.91,19027
"400",400,2013,1,4,34.408,-119.685,"Stearns Wharf",0,0,13.471,2.25,0.2,1.691,0.193,0.417,19723,10442,3.922,10,"2013-1",1.884,30165
"401",401,2013,1,7,34.008,-118.499,"Santa Monica Pier",0,0,9.97595,22,0.006,2.44953,0.694934,0.311617,0,0,32.4025,13.5,"2013-1",3.144464,0
"402",402,2013,1,13,34.008,-118.499,"Santa Monica Pier",0,0,1.54305,9.4,0.049,2.04869,0.175993,0.365241,3886,0,1.6487,12,"2013-1",2.224683,3886
"403",403,2013,1,14,34.408,-119.685,"Stearns Wharf",0,0,4.803,0.73,0,6.847,0.33,0.88,0,200,9.93,11,"2013-1",7.177,200
"404",404,2013,1,21,34.408,-119.685,"Stearns Wharf",0,0,4.502,1.5,0,6.737,0.318,0.939,1200,0,11.888,11,"2013-1",7.055,1200
"405",405,2013,1,28,34.408,-119.685,"Stearns Wharf",0,0,3.049,0.84,0,2.695,0.129,0.543,160,0,5.328,10,"2013-1",2.824,160
"406",406,2013,2,4,34.408,-119.685,"Stearns Wharf",0,0,27.716,2.73,0,1.721,0.095,0.476,0,0,6.54,13,"2013-2",1.816,0
"407",407,2013,2,11,34.408,-119.685,"Stearns Wharf",0,0,9.939,0.42,0,8.01,0.316,0.752,300,80,10.08,10,"2013-2",8.326,380
"408",408,2013,2,18,34.408,-119.685,"Stearns Wharf",0,0,2.547,0.71,0,4.829,0.268,0.691,120,0,9.19,11,"2013-2",5.097,120
"409",409,2013,2,25,34.408,-119.685,"Stearns Wharf",0,0,0.949,2.29,0,9.417,0.368,0.769,928,0,12.469,11,"2013-2",9.785,928
"410",410,2013,3,4,34.408,-119.685,"Stearns Wharf",0,0,2.355,5.14,0,0.581,0.052,0.224,0,2320,5.032,15,"2013-3",0.633,2320
"411",411,2013,3,12,34.408,-119.685,"Stearns Wharf",0,0,4.506,0.58,0,11.702,0.386,1.044,0,0,16.553,12,"2013-3",12.088,0
"412",412,2013,3,18,34.408,-119.685,"Stearns Wharf",0,0,2.776,5.36,0,0,0.042,0.336,0,19491,1.019,12,"2013-3",0.042,19491
"413",413,2013,3,25,34.408,-119.685,"Stearns Wharf",0,0,4.796,1.54,0,0.393,0.103,0.716,928,0,5.464,14,"2013-3",0.496,928
"414",414,2013,4,1,34.408,-119.685,"Stearns Wharf",0,0,5.627,0.82,0,1.118,0.14,0.982,480,1640,5.325,13,"2013-4",1.258,2120
"415",415,2013,4,2,33.6061,-117.9311,"Newport Pier",0,0,0.93,4.97,2.56,3.61,0.19,0.46,2600,226186,3.9,14.6,"2013-4",3.8,228786
"416",416,2013,4,8,34.408,-119.685,"Stearns Wharf",0,0,4.79,1.27,0.047,6.956,0.212,1.013,26220,0,10.853,12,"2013-4",7.168,26220
"417",417,2013,4,8,34.008,-118.499,"Santa Monica Pier",0,0,0.165426,2.3,0.15,1.04728,0.113736,0.334934,4862,26180,2.98639,16,"2013-4",1.161016,31042
"418",418,2013,4,9,33.6061,-117.9311,"Newport Pier",0,0,2.53,5.24,0.51,14.27,0.36,1.05,0,38998,15.63,12.6,"2013-4",14.63,38998
"419",419,2013,4,9,32.867,-117.257,"Scripps Pier",0,0,0.54,3.08,0.2,5.39,0.22,0.59,4800,28000,9.6,14.6,"2013-4",5.61,32800
"420",420,2013,4,15,34.008,-118.499,"Santa Monica Pier",0,0,0.570819,28.4,0.092,1.45649,0.204293,0.281238,220153,136017,2.35212,15,"2013-4",1.660783,356170
"421",421,2013,4,15,32.867,-117.257,"Scripps Pier",0,0,0.14,2.65,2.64,0.21,0.06,0.37,4000,167200,0.7,15.4,"2013-4",0.27,171200
"422",422,2013,4,22,34.408,-119.685,"Stearns Wharf",0,0,2.647,5.06,4.42,0.34,0.109,0.306,5569,143863,0.279,15,"2013-4",0.449,149432
"423",423,2013,4,29,34.408,-119.685,"Stearns Wharf",0,0,3.777,1.56,0.07,0.437,0.144,0.372,0,2552,2.364,15,"2013-4",0.581,2552
"424",424,2013,4,29,34.008,-118.499,"Santa Monica Pier",0,0,2.28181,6,0.11,0.499907,0.076529,0.310768,23188,42262,0.887959,16,"2013-4",0.576436,65450
"425",425,2013,5,6,34.408,-119.685,"Stearns Wharf",0,0,12.017,1.52,0,0.748,0.069,0.208,240,280,2.131,16,"2013-5",0.817,520
"426",426,2013,5,6,32.867,-117.257,"Scripps Pier",0,0,0.06,1.52,0.2,0.11,0.04,0.23,12000,8800,1.72,17.3,"2013-5",0.15,20800
"427",427,2013,5,13,34.408,-119.685,"Stearns Wharf",0,0,76.286,1.55,0.22,0,0.066,0.178,5337,5569,0.38,15,"2013-5",0.066,10906
"428",428,2013,5,13,32.867,-117.257,"Scripps Pier",0,0,0.8,1.64,0.08,0.09,0.05,0.22,26400,3600,2.15,19.1,"2013-5",0.14,30000
"429",429,2013,5,14,34.008,-118.499,"Santa Monica Pier",0,0,12.7304,2.7,0.48,0.512361,0.015895,0.303942,41140,1122,3.16326,18,"2013-5",0.528256,42262
"430",430,2013,5,20,34.408,-119.685,"Stearns Wharf",0,0,1.463,1.11,0.53,0.116,0.102,0.466,1856,50584,2.196,20,"2013-5",0.218,52440
"431",431,2013,5,20,32.867,-117.257,"Scripps Pier",0,0,0.97,0.6,0.1,0.16,0.02,0.21,5600,0,4.33,19.6,"2013-5",0.18,5600
"432",432,2013,5,20,34.008,-118.499,"Santa Monica Pier",0,0,9.85191,1.4,0.05,0.30385,0.017419,0.297353,10472,2244,3.27475,20,"2013-5",0.321269,12716
"433",433,2013,5,28,34.408,-119.685,"Stearns Wharf",0,928,29.103,3.2,0.045,0.42,0.113,0.284,11834,1392,2.228,17,"2013-5",0.533,13226
"434",434,2013,6,3,34.408,-119.685,"Stearns Wharf",0,3713,6.076,3.52,0,0.554,0.075,0.279,43159,2320,2.287,16,"2013-6",0.629,45479
"435",435,2013,6,10,34.408,-119.685,"Stearns Wharf",0,0,1.333,0.96,0.05,0,0.026,0.14,10674,3481,1.287,17,"2013-6",0.026,14155
"436",436,2013,6,17,34.408,-119.685,"Stearns Wharf",0,0,11.385,1.67,0,0,0.047,0.077,2560,0,3.363,17,"2013-6",0.047,2560
"437",437,2013,6,24,34.408,-119.685,"Stearns Wharf",0,0,0.687,2.06,0,0,0.036,0.046,59401,1856,4.613,16,"2013-6",0.036,61257
"438",438,2013,7,9,34.408,-119.685,"Stearns Wharf",0,0,1.125,5.81,0,0.334,0.079,0.242,0,1856,8.769,17,"2013-7",0.413,1856
"439",439,2013,7,15,34.408,-119.685,"Stearns Wharf",0,0,0.88,3.08,0,0,0.011,0.181,928,0,9.454,18,"2013-7",0.011,928
"440",440,2013,7,23,34.408,-119.685,"Stearns Wharf",0,0,2.856,2.83,0.36,2.085,0.259,0.614,12066,91422,7.984,16,"2013-7",2.344,103488
"441",441,2013,7,29,34.408,-119.685,"Stearns Wharf",0,0,3.275,3.12,0,1.262,0.184,0.43,8817,1856,9.829,15,"2013-7",1.446,10673
"442",442,2013,7,29,32.867,-117.257,"Scripps Pier",0,0,0.87,2.85,0.4,1.51,0.09,0.26,26800,59200,4.97,17.1,"2013-7",1.6,86000
"443",443,2013,8,5,34.408,-119.685,"Stearns Wharf",0,0,1.057,6.94,0,0,0.035,0.168,4641,0,6.853,16,"2013-8",0.035,4641
"444",444,2013,8,12,34.408,-119.685,"Stearns Wharf",0,0,4.441,1.32,0,0.596,0.218,0.508,9746,0,4.703,18,"2013-8",0.814,9746
"445",445,2013,8,19,34.408,-119.685,"Stearns Wharf",0,0,7.793,1.39,0,0,0.046,0.133,0,0,1.556,17,"2013-8",0.046,0
"446",446,2013,8,19,32.867,-117.257,"Scripps Pier",0,0,0.85,1.04,0.1,0.06,0.06,0.17,14000,6400,2.52,19.7,"2013-8",0.12,20400
"447",447,2013,8,26,34.408,-119.685,"Stearns Wharf",0,0,1.569,1.52,0,0.351,0.068,0.326,1624,2784,4.208,18,"2013-8",0.419,4408
"448",448,2013,9,1,34.008,-118.499,"Santa Monica Pier",519,0,4.94333,0.56,0.05,0.71571,0.333834,0.377674,15064,0,0.342187,20.5,"2013-9",1.049544,15064
"449",449,2013,9,3,34.408,-119.685,"Stearns Wharf",0,0,3.086,0.88,0.08,0.409,0.082,0.135,0,7425,0.712,16,"2013-9",0.491,7425
"450",450,2013,9,10,34.408,-119.685,"Stearns Wharf",0,0,2.892,1.62,0,0.258,0.101,0.271,3713,0,1.104,17,"2013-9",0.359,3713
"451",451,2013,9,16,34.408,-119.685,"Stearns Wharf",0,0,1.357,2.89,0,0.283,0.14,0.505,0,0,4.987,17,"2013-9",0.423,0
"452",452,2013,9,23,34.408,-119.685,"Stearns Wharf",0,0,7.045,1.21,0,0.556,0.135,0.463,1624,0,3.796,16,"2013-9",0.691,1624
"453",453,2013,10,1,34.408,-119.685,"Stearns Wharf",0,0,41.729,1.42,0,0.396,0.165,0.577,11602,3249,2.852,16,"2013-10",0.561,14851
"454",454,2013,10,7,34.408,-119.685,"Stearns Wharf",0,0,1.805,1.02,0,0.523,0.143,0.655,3249,0,2.612,16,"2013-10",0.666,3249
"455",455,2013,10,14,34.408,-119.685,"Stearns Wharf",0,0,1.792,0.93,0,0.364,0.106,0.345,320,0,2.358,16,"2013-10",0.47,320
"456",456,2013,10,21,34.408,-119.685,"Stearns Wharf",0,0,4.597,2.36,0,0.295,0.129,0.432,0,0,3.428,17,"2013-10",0.424,0
"457",457,2013,10,28,34.408,-119.685,"Stearns Wharf",0,0,1.247,1.64,0,0.4,0.135,0.361,0,0,4.15,16,"2013-10",0.535,0
"458",458,2013,11,4,34.408,-119.685,"Stearns Wharf",0,0,4.484,2.61,0,0.331,0.197,0.478,2784,0,5.282,17,"2013-11",0.528,2784
"459",459,2013,11,11,34.408,-119.685,"Stearns Wharf",0,0,10.341,1.25,0,0.745,0.138,0.629,3016,0,5.039,15,"2013-11",0.883,3016
"460",460,2013,11,18,34.408,-119.685,"Stearns Wharf",0,0,2.153,1.66,0,0.509,0.058,0.449,9746,928,3.764,16,"2013-11",0.567,10674
"461",461,2013,11,25,34.408,-119.685,"Stearns Wharf",0,0,2.184,1.3,0,0.522,0.159,0.568,17171,0,3.811,15,"2013-11",0.681,17171
"462",462,2013,12,2,34.408,-119.685,"Stearns Wharf",0,0,3.392,2.51,0,0.851,0.144,0.479,4409,0,3.322,15,"2013-12",0.995,4409
"463",463,2013,12,9,34.408,-119.685,"Stearns Wharf",0,0,1.424,1.49,0,1.144,0.203,0.537,480,0,4.449,15,"2013-12",1.347,480
"464",464,2013,12,9,34.008,-118.499,"Santa Monica Pier",0,374,47.8527,3.03,0.04,1.28609,0.120181,0.287399,7854,18700,4.08513,14.5,"2013-12",1.406271,26554
"465",465,2013,12,16,34.408,-119.685,"Stearns Wharf",0,0,1.548,1.85,0,1.972,0.264,0.552,2088,696,5.446,14,"2013-12",2.236,2784
"466",466,2014,1,5,34.408,-119.685,"Stearns Wharf",0,0,4.882,1.01,0,0.584,0.218,0.449,800,0,4.214,14,"2014-1",0.802,800
"467",467,2014,1,13,34.408,-119.685,"Stearns Wharf",0,0,250,1.71,0,0.368,0.078,0.297,464,0,3.653,13,"2014-1",0.446,464
"468",468,2014,1,20,34.408,-119.685,"Stearns Wharf",0,0,44.217,1.38,0,0.521,0.12,0.367,2784,0,4.43,15,"2014-1",0.641,2784
"469",469,2014,1,27,34.408,-119.685,"Stearns Wharf",0,0,29.079,0.63,0,0.526,0.184,0.463,464,0,4.661,14,"2014-1",0.71,464
"470",470,2014,2,3,34.408,-119.685,"Stearns Wharf",0,0,11.105,0.92,0,0.909,0.212,0.541,928,0,5.521,9,"2014-2",1.121,928
"471",471,2014,2,10,34.408,-119.685,"Stearns Wharf",0,0,115.724,2.55,0,1.269,0.076,0.248,11602,928,2.299,14,"2014-2",1.345,12530
"472",472,2014,2,17,34.408,-119.685,"Stearns Wharf",0,0,14.35,0.87,0,0.359,0.029,0.245,1392,8817,0.515,11,"2014-2",0.388,10209
"473",473,2014,2,17,32.867,-117.257,"Scripps Pier",400,0,0.57,1.28,0.05,0.01,0.07,0.12,66800,9200,0.61,15.5,"2014-2",0.08,76000
"474",474,2014,3,4,34.408,-119.685,"Stearns Wharf",0,0,4.824,1.56,0,1.85,0.111,0.416,4177,0,3.631,14,"2014-3",1.961,4177
"475",475,2014,3,10,34.408,-119.685,"Stearns Wharf",0,0,0.36,2.89,0,0.204,0.032,0.194,11602,0,2.938,15,"2014-3",0.236,11602
"476",476,2014,3,24,34.408,-119.685,"Stearns Wharf",0,0,23.441,1.32,0,1.069,0.184,0.967,12762,0,7.791,16,"2014-3",1.253,12762
"477",477,2014,4,7,34.008,-118.499,"Santa Monica Pier",0,0,5.44,2.35,0.07,0.475007,0.138326,0.158859,168272,563499,1.1,16,"2014-4",0.613333,731771
"478",478,2014,4,15,34.408,-119.685,"Stearns Wharf",0,0,10.744,1.66,0,1.159,0.029,0.303,0,63578,2.07,14,"2014-4",1.188,63578
"479",479,2014,4,21,34.408,-119.685,"Stearns Wharf",0,0,13.149,1.03,0,1.161,0.158,0.594,1160,0,4.267,13,"2014-4",1.319,1160
"480",480,2014,4,21,34.008,-118.499,"Santa Monica Pier",0,0,9.21,3.51,0.05,0.58625,0.127929,0.292152,1496,11968,2.93,17,"2014-4",0.714179,13464
"481",481,2014,4,28,34.408,-119.685,"Stearns Wharf",0,0,6.764,0.56,0,15.901,0.436,1.565,464,0,17.695,11,"2014-4",16.337,464
"482",482,2014,5,5,34.408,-119.685,"Stearns Wharf",0,0,11.413,8.07,0.2,3.395,0.23,0.765,0,179689,4.931,15,"2014-5",3.625,179689
"483",483,2014,5,5,34.008,-118.499,"Santa Monica Pier",0,0,5.23,4.48,0.3,1.43467,0.436101,0.36748,77418,2244,5.21,18,"2014-5",1.870771,79662
"484",484,2014,5,12,34.408,-119.685,"Stearns Wharf",0,0,6.155,4.11,0.63,3.012,0.176,0.854,11602,134117,0.833,13,"2014-5",3.188,145719
"485",485,2014,5,12,34.008,-118.499,"Santa Monica Pier",0,0,5.03,12.35,1.6,0.680761,0.117608,0.080487,336739,563499,2.34,17,"2014-5",0.798369,900238
"486",486,2014,5,19,34.408,-119.685,"Stearns Wharf",0,0,35.57,0.88,0,0.777,0.086,0.726,0,11138,3.367,17,"2014-5",0.863,11138
"487",487,2014,5,19,34.008,-118.499,"Santa Monica Pier",0,0,33.2842,3.15,0.2,1.3837,0.592742,0.326081,101041,27203,8.25,19,"2014-5",1.976442,128244
"488",488,2014,5,28,34.408,-119.685,"Stearns Wharf",0,0,46.84,1.75,0.46,0.371,0.063,0.536,1856,95135,1.52,15,"2014-5",0.434,96991
"489",489,2014,6,2,34.408,-119.685,"Stearns Wharf",0,0,22.409,2.22,0,0.473,0.082,0.595,0,0,6.298,16,"2014-6",0.555,0
"490",490,2014,6,9,34.408,-119.685,"Stearns Wharf",0,0,2.042,3.01,0,0.378,0.055,0.452,9281,6961,5.815,16,"2014-6",0.433,16242
"491",491,2014,6,16,34.408,-119.685,"Stearns Wharf",0,0,57.656,1.04,0.13,0.769,0.115,0.423,5105,13690,3.338,17,"2014-6",0.884,18795
"492",492,2014,6,24,34.408,-119.685,"Stearns Wharf",0,0,1.582,1.23,0.07,0,0.013,0.08,57545,78892,0.923,18,"2014-6",0.013,136437
"493",493,2014,6,30,34.408,-119.685,"Stearns Wharf",0,0,12.401,2.02,0,0,0.039,0.53,928,0,5.427,20,"2014-6",0.039,928
"494",494,2014,7,7,34.408,-119.685,"Stearns Wharf",0,0,222,1.37,0,0.531,0.044,0.194,0,0,2.808,20,"2014-7",0.575,0
"495",495,2014,7,14,34.408,-119.685,"Stearns Wharf",0,0,530,0.64,0,0,0.03,0.142,2970,2970,3.76,20,"2014-7",0.03,5940
"496",496,2014,7,21,34.408,-119.685,"Stearns Wharf",0,0,127.616,1.36,0,0.392,0.05,0.332,3713,105809,1.629,19,"2014-7",0.442,109522
"497",497,2014,7,28,34.408,-119.685,"Stearns Wharf",0,0,10.956,1.05,0,0.241,0.029,0.199,0,377199,3.686,17,"2014-7",0.27,377199
"498",498,2014,8,4,34.408,-119.685,"Stearns Wharf",0,0,0.846,1.44,0,0.256,0.036,0.298,8168,259139,1.661,16.4,"2014-8",0.292,267307
"499",499,2014,8,11,34.408,-119.685,"Stearns Wharf",0,0,7.597,0.74,0,0.39,0.075,0.174,1485,118803,2.526,17.4,"2014-8",0.465,120288
"500",500,2014,8,18,34.408,-119.685,"Stearns Wharf",0,0,0.988,0.94,0,0,0.042,0.147,0,150824,1.432,18.6,"2014-8",0.042,150824
"501",501,2014,8,25,34.408,-119.685,"Stearns Wharf",0,0,8.458,0.8,0,0.206,0.071,0.164,11880,107665,2.153,18.6,"2014-8",0.277,119545
"502",502,2014,9,2,34.408,-119.685,"Stearns Wharf",0,0,0.825,1.3,0,0,0.049,0.254,464,1624,4.145,19.6,"2014-9",0.049,2088
"503",503,2014,9,8,34.408,-119.685,"Stearns Wharf",0,0,1.843,1.03,0,0.343,0.067,0.324,0,0,4.17,19,"2014-9",0.41,0
"504",504,2014,9,15,34.408,-119.685,"Stearns Wharf",0,0,13.646,0.84,0,0.334,0.036,0.194,0,928,2.672,20,"2014-9",0.37,928
"505",505,2014,9,22,34.408,-119.685,"Stearns Wharf",0,0,7.252,1.88,0,0.721,0.062,0.271,2784,1392,3.957,18.3,"2014-9",0.783,4176
"506",506,2014,9,29,34.408,-119.685,"Stearns Wharf",0,0,0.726,1.21,0,0,0.042,0.2,0,141078,2.321,18.4,"2014-9",0.042,141078
"507",507,2014,10,7,34.408,-119.685,"Stearns Wharf",0,0,4.114,0.76,0,0,0.017,0.154,7889,32485,0.871,21,"2014-10",0.017,40374
"508",508,2014,10,13,34.408,-119.685,"Stearns Wharf",0,0,3.487,0.99,0,0.207,0.095,0.423,464,464,3.614,20.9,"2014-10",0.302,928
"509",509,2014,10,20,34.408,-119.685,"Stearns Wharf",0,0,4.07,0.93,0,0,0.052,0.313,0,10210,2.668,21.1,"2014-10",0.052,10210
"510",510,2014,10,27,34.408,-119.685,"Stearns Wharf",0,0,5.844,0.95,0,0.127,0.106,0.321,38054,0,2.588,19.5,"2014-10",0.233,38054
"511",511,2014,11,3,34.408,-119.685,"Stearns Wharf",0,0,3.724,1.88,0,0.101,0.136,0.396,928,0,4.391,18,"2014-11",0.237,928
"512",512,2014,11,10,34.408,-119.685,"Stearns Wharf",0,0,2.64,0.84,0,0,0.068,0.269,3249,0,2.117,18.6,"2014-11",0.068,3249
"513",513,2014,11,17,34.408,-119.685,"Stearns Wharf",0,0,7.625,1,0,0.32,0.09,0.364,9746,0,2.922,17.9,"2014-11",0.41,9746
"514",514,2014,11,24,34.408,-119.685,"Stearns Wharf",0,0,3.402,1.34,0,0.494,0.151,0.539,928,0,4.156,17,"2014-11",0.645,928
"515",515,2014,12,1,34.408,-119.685,"Stearns Wharf",0,0,1.359,0.72,0,0.212,0.062,0.25,0,0,1.983,18.1,"2014-12",0.274,0
"516",516,2014,12,8,34.408,-119.685,"Stearns Wharf",0,0,2.8,0.83,0,0.209,0.148,0.288,0,0,2.484,18,"2014-12",0.357,0
"517",517,2014,12,15,34.408,-119.685,"Stearns Wharf",0,0,2.88,1.39,0,0.312,0.129,0.312,464,0,3.96,17.3,"2014-12",0.441,464
"518",518,2014,12,22,34.408,-119.685,"Stearns Wharf",0,0,7.397,2.55,0,0.356,0.183,0.295,0,0,4.939,17.1,"2014-12",0.539,0
"519",519,2015,1,5,34.408,-119.685,"Stearns Wharf",0,0,4.123,1.75,0,0.283,0.163,0.313,0,0,3.509,16.1,"2015-1",0.446,0
"520",520,2015,1,12,34.408,-119.685,"Stearns Wharf",0,0,3.08,0.51,0,0.39,0.136,0.441,464,0,3.42,15.7,"2015-1",0.526,464
"521",521,2015,1,19,34.408,-119.685,"Stearns Wharf",0,0,1.812,1.16,0,0.179,0.174,0.328,5105,0,3.065,16,"2015-1",0.353,5105
"522",522,2015,1,26,34.408,-119.685,"Stearns Wharf",0,0,2.673,1.05,0,0.212,0.18,0.343,464,0,4.163,16,"2015-1",0.392,464
"523",523,2015,2,3,34.408,-119.685,"Stearns Wharf",0,0,3.261,1.22,0,0.165,0.134,0.274,5105,0,3.521,16,"2015-2",0.299,5105
"524",524,2015,2,9,34.408,-119.685,"Stearns Wharf",0,0,2.138,0.89,0,0.371,0.176,0.381,0,0,4.579,16.5,"2015-2",0.547,0
"525",525,2015,2,16,34.408,-119.685,"Stearns Wharf",0,0,2.403,1.58,0,0.711,0.161,0.265,20419,0,3.643,16.4,"2015-2",0.872,20419
"526",526,2015,2,24,34.408,-119.685,"Stearns Wharf",0,0,3.778,0.63,0,0.528,0.228,0.631,1392,0,5.947,15,"2015-2",0.756,1392
"527",527,2015,3,2,34.408,-119.685,"Stearns Wharf",0,0,2.058,1.66,0,0.935,0.289,0.408,6497,0,5.597,14.75,"2015-3",1.224,6497
"528",528,2015,3,16,34.408,-119.685,"Stearns Wharf",0,0,2.01,1.17,0,0.488,0.018,0.193,0,129198,0.098,15.5,"2015-3",0.506,129198
"529",529,2015,3,23,34.408,-119.685,"Stearns Wharf",0,0,7.774,1.59,0,0.385,0.182,0.417,0,7425,1.721,16,"2015-3",0.567,7425
"530",530,2015,3,30,34.408,-119.685,"Stearns Wharf",0,0,1.687,1.37,0,0.21,0.097,0.28,0,1856,1.595,17,"2015-3",0.307,1856
"531",531,2015,4,6,34.408,-119.685,"Stearns Wharf",0,0,3.592,1.61,0,0.787,0.165,0.457,2784,5569,3.52,15,"2015-4",0.952,8353
"532",532,2015,4,14,34.408,-119.685,"Stearns Wharf",0,0,0.817,1.19,0,0,0.047,0.185,4641,1392,0.92,15,"2015-4",0.047,6033
"533",533,2015,4,20,34.408,-119.685,"Stearns Wharf",0,0,6.123,0.6,0,0.61,0.129,0.556,0,0,4.335,15,"2015-4",0.739,0
"534",534,2015,4,27,34.408,-119.685,"Stearns Wharf",0,0,5.61,0.8,0,8.854,0.39,1.052,8353,928,10.386,13,"2015-4",9.244,9281
"535",535,2015,5,4,34.408,-119.685,"Stearns Wharf",0,0,2.544,1.63,0,8.474,0.338,0.858,15314,3249,9.888,12,"2015-5",8.812,18563
"536",536,2015,5,11,34.408,-119.685,"Stearns Wharf",0,0,1.446,2.32,0.27,0.235,0.081,0.172,121123,104881,0.489,14.4,"2015-5",0.316,226004
"537",537,2015,5,18,34.408,-119.685,"Stearns Wharf",0,0,3.049,1.18,0.14,0.513,0.091,0.351,0,6961,1.346,15.7,"2015-5",0.604,6961
"538",538,2015,5,26,34.408,-119.685,"Stearns Wharf",0,0,1.776,1.09,0.419,0.258,0.046,0.293,928,21811,1.075,16.5,"2015-5",0.304,22739
"539",539,2015,6,1,34.408,-119.685,"Stearns Wharf",0,0,0.639,0.51,0,0.193,0.117,0.235,1856,0,3.663,16,"2015-6",0.31,1856
"540",540,2015,6,8,34.408,-119.685,"Stearns Wharf",0,0,3.652,1.15,0,1.39,0.311,0.522,0,0,9.982,16,"2015-6",1.701,0
"541",541,2015,6,15,34.408,-119.685,"Stearns Wharf",0,0,1.899,0.45,0.454,0.264,0.087,0.239,2320,6961,2.297,16.1,"2015-6",0.351,9281
"542",542,2015,6,22,34.408,-119.685,"Stearns Wharf",0,0,3.524,1.14,0,0.701,0.062,0.383,928,0,8.109,19.3,"2015-6",0.763,928
"543",543,2015,6,29,34.408,-119.685,"Stearns Wharf",0,0,0.324,0.85,0.099,0.311,0.009,0.234,2784,5105,7.389,18.4,"2015-6",0.32,7889
"544",544,2015,7,6,34.408,-119.685,"Stearns Wharf",0,0,9.526,0.76,0.255,0.405,0.038,0.255,4641,21811,5.346,17.1,"2015-7",0.443,26452
"545",545,2015,7,13,34.408,-119.685,"Stearns Wharf",0,0,4.633,0.68,0,0,0.07,0.215,0,3713,5.177,18.7,"2015-7",0.07,3713
"546",546,2015,7,20,34.408,-119.685,"Stearns Wharf",0,0,1.533,1.66,0,0,0.085,0.11,11602,0,5.059,21,"2015-7",0.085,11602
"547",547,2015,7,27,34.408,-119.685,"Stearns Wharf",0,0,13.645,1.59,0,0.113,0.199,0.397,1856,1160,7.44,21.7,"2015-7",0.312,3016
"548",548,2015,8,3,34.408,-119.685,"Stearns Wharf",0,0,0.378,1.21,0,0,0.01,0.229,24596,0,6.234,21,"2015-8",0.01,24596
"549",549,2015,8,12,34.408,-119.685,"Stearns Wharf",0,0,18.72,1,0,0.338,0.038,0.279,47335,0,4.669,19.1,"2015-8",0.376,47335
"550",550,2015,8,17,34.408,-119.685,"Stearns Wharf",0,0,20.226,1.85,0,0.147,0.112,0.38,194540,0,5.754,19.8,"2015-8",0.259,194540
"551",551,2015,8,24,34.408,-119.685,"Stearns Wharf",0,0,3.007,1.11,0,0,0.063,0.208,28773,0,4.77,20.3,"2015-8",0.063,28773
"552",552,2015,8,31,34.408,-119.685,"Stearns Wharf",0,0,37.664,1.3,0,0,0.061,0.398,0,0,6.881,22.9,"2015-8",0.061,0
"553",553,2015,9,7,34.408,-119.685,"Stearns Wharf",0,0,45.164,0.66,0,0.27,0.01,0.506,0,0,8.694,21.9,"2015-9",0.28,0
"554",554,2015,9,14,34.408,-119.685,"Stearns Wharf",0,0,8.503,0.55,0,0,0.011,0.267,0,0,8.548,22.3,"2015-9",0.011,0
"555",555,2015,9,21,34.408,-119.685,"Stearns Wharf",0,0,9.297,0.38,0,0.234,0.032,0.236,1856,0,6.51,22.3,"2015-9",0.266,1856
"556",556,2015,10,5,34.408,-119.685,"Stearns Wharf",0,0,3.052,1.19,0,0.12,0.124,0.449,5569,0,7.213,21,"2015-10",0.244,5569
"557",557,2015,10,12,34.408,-119.685,"Stearns Wharf",0,0,6.134,0.99,0,0,0.01,0.325,0,464,6.151,21.6,"2015-10",0.01,464
"558",558,2015,10,19,34.408,-119.685,"Stearns Wharf",0,0,4.383,0.69,0.08,0,0.052,0.32,0,0,6.403,21.5,"2015-10",0.052,0
"559",559,2015,10,26,34.408,-119.685,"Stearns Wharf",0,0,0.429,0.64,0,0.286,0.038,0.378,4177,0,7.927,20.4,"2015-10",0.324,4177
"560",560,2015,11,3,34.408,-119.685,"Stearns Wharf",0,0,1.82,0.66,0.04,0.229,0.063,0.314,1856,0,4.763,18.8,"2015-11",0.292,1856
"561",561,2015,11,9,34.408,-119.685,"Stearns Wharf",0,0,7.61,0.79,0,0,0.018,0.352,23204,0,4.704,17.3,"2015-11",0.018,23204
"562",562,2015,11,16,34.408,-119.685,"Stearns Wharf",0,0,6.861,0.75,0,2.069,0.251,0.585,19955,0,6.938,15.4,"2015-11",2.32,19955
"563",563,2015,11,23,34.408,-119.685,"Stearns Wharf",0,0,33.415,0.79,0,0,0.061,0.262,928,0,3.303,16.4,"2015-11",0.061,928
"564",564,2015,11,30,34.408,-119.685,"Stearns Wharf",0,0,48.313,0.61,0,0,0.071,0.323,2784,0,3.45,16.7,"2015-11",0.071,2784
"565",565,2015,12,7,34.408,-119.685,"Stearns Wharf",0,0,5.574,1.19,0,0.707,0.036,0.319,10210,0,4.459,17.4,"2015-12",0.743,10210
"566",566,2015,12,14,34.408,-119.685,"Stearns Wharf",0,0,48.443,0.84,0,0.634,0.062,0.319,0,3713,4.126,16.6,"2015-12",0.696,3713
"567",567,2015,12,21,34.408,-119.685,"Stearns Wharf",0,0,1.87,1.32,0,0.531,0.144,0.354,0,38518,4.341,16,"2015-12",0.675,38518
"568",568,2015,12,30,34.408,-119.685,"Stearns Wharf",0,0,102.078,2.32,0,4.703,0.137,0.595,0,14386,7.223,13.9,"2015-12",4.84,14386
"569",569,2016,1,4,34.408,-119.685,"Stearns Wharf",0,0,47.297,3.32,0.05,1.66,0.08,0.414,0,928,4.145,14.5,"2016-1",1.74,928
"570",570,2016,1,11,34.408,-119.685,"Stearns Wharf",0,0,25.961,1.39,0,2.88,0.22,0.551,1856,0,6.135,14.4,"2016-1",3.1,1856
"571",571,2016,1,18,34.408,-119.685,"Stearns Wharf",0,0,5.511,1.95,0,1.469,0.141,0.397,0,2784,5.762,15.1,"2016-1",1.61,2784
"572",572,2016,1,19,33.6061,-117.9311,"Newport Pier",0,0,12.48,3.11,0.04,0.52,0.1,0.37,0,0,3.82,15.5,"2016-1",0.62,0
"573",573,2016,1,25,34.408,-119.685,"Stearns Wharf",0,0,6.273,2.59,0,1.685,0.345,0.457,0,4641,5.674,14.9,"2016-1",2.03,4641
"574",574,2016,2,1,34.408,-119.685,"Stearns Wharf",0,0,3.9,0.66,0,4.116,0.524,0.621,0,1856,7.624,13.6,"2016-2",4.64,1856
"575",575,2016,2,22,34.408,-119.685,"Stearns Wharf",0,0,1.29,1.17,0,0.224,0.001,0.246,0,0,4.547,15.6,"2016-2",0.225,0
"576",576,2016,2,29,34.408,-119.685,"Stearns Wharf",0,0,1.71,1.12,0,0.287,0.06,0.278,5105,0,4.665,17,"2016-2",0.347,5105
"577",577,2016,3,7,34.408,-119.685,"Stearns Wharf",0,0,2.86,0.5,0,1.534,0.356,0.579,0,0,7.977,15,"2016-3",1.89,0
"578",578,2016,3,14,34.408,-119.685,"Stearns Wharf",0,0,2.77,0.67,0,7.791,0.289,0.872,0,19491,10.094,14.1,"2016-3",8.08,19491
"579",579,2016,3,21,34.408,-119.685,"Stearns Wharf",0,0,1.068,1.23,0,0.552,0.078,0.334,13922,48728,3.067,16.8,"2016-3",0.63,62650
"580",580,2016,3,28,34.408,-119.685,"Stearns Wharf",0,0,1.728,1.27,0,1.16,0.078,0.428,0,928,5.615,15.8,"2016-3",1.238,928
"581",581,2016,4,4,34.408,-119.685,"Stearns Wharf",0,0,2.992,3.89,0.04,4.162,0.222,0.525,0,11138,7.19,14.3,"2016-4",4.384,11138
"582",582,2016,4,11,34.408,-119.685,"Stearns Wharf",0,0,2.869,0.81,0,0.716,0.065,0.394,0,5105,2.87,16,"2016-4",0.781,5105
"583",583,2016,4,18,34.408,-119.685,"Stearns Wharf",0,0,33.081,1.61,0.07,1.368,0.136,0.29,0,0,3.78,15.6,"2016-4",1.504,0
"584",584,2016,4,25,34.408,-119.685,"Stearns Wharf",0,0,61.676,0.82,0,6.505,0.385,0.77,1856,0,10.2,14,"2016-4",6.89,1856
"585",585,2016,5,2,34.408,-119.685,"Stearns Wharf",0,0,3.091,9.54,0,4.02,0.23,0.371,47521,2970,10.8,15.7,"2016-5",4.25,50491
"586",586,2016,5,9,34.408,-119.685,"Stearns Wharf",0,0,0.759,4.43,0,0,0.103,0.192,76479,9653,3.34,16,"2016-5",0.103,86132
"587",587,2016,5,16,34.408,-119.685,"Stearns Wharf",0,0,5.538,3.54,0,0,0.008,0.166,0,1856,5.19,17,"2016-5",0.008,1856
"588",588,2016,5,23,34.408,-119.685,"Stearns Wharf",0,0,46.023,1.32,0,3.482,0.093,0.506,928,0,7.75,15,"2016-5",3.575,928
"589",589,2016,5,31,34.408,-119.685,"Stearns Wharf",0,0,8.572,2.92,0,2.744,0.325,0.666,0,19955,9.39,14.6,"2016-5",3.069,19955
"590",590,2016,6,6,34.408,-119.685,"Stearns Wharf",0,0,10.984,1.9,0,0.707,0.181,0.663,59865,37590,5.12,15,"2016-6",0.888,97455
"591",591,2016,6,13,34.408,-119.685,"Stearns Wharf",0,0,1.965,4.21,0.18,0.322,0.03,0.189,45943,37590,5.51,16.6,"2016-6",0.352,83533
"592",592,2016,6,20,34.408,-119.685,"Stearns Wharf",0,0,3.747,1.36,0,0.419,0.057,0.231,2784,0,7.23,19.2,"2016-6",0.476,2784
"593",593,2016,6,28,34.408,-119.685,"Stearns Wharf",0,0,1.563,2.78,0,0,0.093,0.124,2970,0,0.593,19.4,"2016-6",0.093,2970
"594",594,2016,7,4,34.408,-119.685,"Stearns Wharf",0,0,2.248,1.77,0,0.172,0.133,0.52,151752,0,4.82,18.3,"2016-7",0.305,151752
"595",595,2016,7,11,34.408,-119.685,"Stearns Wharf",0,0,10.432,0.99,0,0.379,0.063,0.29,0,0,2.57,20.4,"2016-7",0.442,0
"596",596,2016,7,18,34.408,-119.685,"Stearns Wharf",0,0,18.163,1.31,0,0,0.007,0.188,4177,0,3.44,18.2,"2016-7",0.007,4177
"597",597,2016,7,25,34.408,-119.685,"Stearns Wharf",0,0,7.218,0.75,0,0.803,0.052,0.322,0,0,4.81,19.6,"2016-7",0.855,0
"598",598,2016,8,1,34.408,-119.685,"Stearns Wharf",0,0,1.456,2.39,0,0.248,0.113,0.494,3713,0,7.68,18.4,"2016-8",0.361,3713
"599",599,2016,8,8,34.408,-119.685,"Stearns Wharf",0,0,1.029,5.42,0,0,0.082,0.236,3713,0,6.6,18.5,"2016-8",0.082,3713
"600",600,2016,8,15,34.408,-119.685,"Stearns Wharf",0,4177,1.259,2,0,0,0.009,0.266,7425,2320,6.14,18.3,"2016-8",0.009,9745
"601",601,2016,8,23,34.408,-119.685,"Stearns Wharf",0,0,1.199,2.1,0,0,0.04,0.404,3713,6961,7.76,16.6,"2016-8",0.04,10674
"602",602,2016,8,29,34.408,-119.685,"Stearns Wharf",0,0,3.798,1.33,0,0,0.041,0.132,3713,11602,4.28,18.9,"2016-8",0.041,15315
"603",603,2016,9,5,34.408,-119.685,"Stearns Wharf",0,0,1.177,2.22,0,0,0.003,0.183,0,0,4.16,18.1,"2016-9",0.003,0
"604",604,2016,9,13,34.408,-119.685,"Stearns Wharf",0,0,19.8,2.44,0,0.563,0.076,0.733,4455,0,8.225,17.6,"2016-9",0.639,4455
"605",605,2016,9,19,34.408,-119.685,"Stearns Wharf",0,0,3.581,0.92,0,0,0.002,0.355,2320,5105,3.74,18.6,"2016-9",0.002,7425
"606",606,2016,9,26,34.408,-119.685,"Stearns Wharf",0,0,0.547,2.78,0,0,0.074,0.374,20883,0,5.239,17.3,"2016-9",0.074,20883
"607",607,2016,10,3,34.408,-119.685,"Stearns Wharf",0,0,1.473,1.78,0,0,0.076,0.303,1856,0,4.531,18.2,"2016-10",0.076,1856
"608",608,2016,10,10,34.408,-119.685,"Stearns Wharf",0,0,3.5,2.24,0,0.245,0.081,0.405,14850,0,4.915,17.4,"2016-10",0.326,14850
"609",609,2016,10,17,34.408,-119.685,"Stearns Wharf",0,0,7.19,2,0,0.928,0.063,0.49,0,72395,3.867,16.1,"2016-10",0.991,72395
"610",610,2016,10,24,34.408,-119.685,"Stearns Wharf",0,0,2.361,2.34,0,0,0.021,0.304,5569,20883,5.109,17.4,"2016-10",0.021,26452
"611",611,2016,10,31,34.408,-119.685,"Stearns Wharf",0,0,7.24,3.93,0,0.23,0.086,0.394,8817,1856,6.308,16.4,"2016-10",0.316,10673
"612",612,2016,11,7,34.408,-119.685,"Stearns Wharf",0,0,2.52,0.74,0,0.395,0.013,0.465,12530,5105,2.875,17.1,"2016-11",0.408,17635
"613",613,2016,11,14,34.408,-119.685,"Stearns Wharf",0,0,2.148,2.54,0,0,0.099,0.361,0,38518,3.383,17.3,"2016-11",0.099,38518
"614",614,2016,11,21,34.408,-119.685,"Stearns Wharf",0,0,6.85,1.02,0,0.426,0.056,0.673,5569,1856,3.674,17,"2016-11",0.482,7425
"615",615,2016,11,28,34.408,-119.685,"Stearns Wharf",0,0,2.8,0.56,0,3.603,0.252,0.699,9281,0,5.912,14.4,"2016-11",3.855,9281
"616",616,2016,12,5,34.408,-119.685,"Stearns Wharf",0,0,5.85,2.49,0,1.249,0.216,0.569,6033,18099,4.714,14.5,"2016-12",1.465,24132
"617",617,2016,12,12,34.408,-119.685,"Stearns Wharf",0,0,1.935,4.6,0,0.257,0.088,0.109,0,2784,4,15,"2016-12",0.345,2784
"618",618,2016,12,19,34.408,-119.685,"Stearns Wharf",0,0,11.6,1.34,0,5.241,0.325,0.849,0,11602,7.174,13,"2016-12",5.566,11602
"619",619,2016,12,27,34.408,-119.685,"Stearns Wharf",0,0,1.33,2.56,0,3.388,0.177,0.519,0,8817,5.411,13,"2016-12",3.565,8817
"620",620,2017,1,2,34.408,-119.685,"Stearns Wharf",0,0,2.518,0.85,0,3.498,0.217,0.684,0,1856,6.229,13.6,"2017-1",3.715,1856
"621",621,2017,1,9,34.408,-119.685,"Stearns Wharf",0,0,6.59,0.47,0,3.392,0.193,1.152,0,0,6.113,14.5,"2017-1",3.585,0
"622",622,2017,1,16,34.408,-119.685,"Stearns Wharf",0,0,2.84,0.77,0,1.895,0.052,0.602,0,0,4.32,13.7,"2017-1",1.947,0
"623",623,2017,1,23,34.408,-119.685,"Stearns Wharf",0,0,1.55,0.68,0,3.778,0.156,0.675,0,0,5.76,13.1,"2017-1",3.934,0
"624",624,2017,1,30,34.408,-119.685,"Stearns Wharf",0,0,3.22,0.52,0,3.575,0.229,1.05,0,0,7.61,13,"2017-1",3.804,0
"625",625,2017,2,6,34.408,-119.685,"Stearns Wharf",0,0,9.4,1.42,0,2.534,0.096,0.678,0,0,8.57,14,"2017-2",2.63,0
"626",626,2017,2,13,34.408,-119.685,"Stearns Wharf",0,0,8.79,0.98,0,2.535,0.15,0.574,0,0,8.06,13.8,"2017-2",2.685,0
"627",627,2017,2,20,34.408,-119.685,"Stearns Wharf",0,0,5.69,0.82,0,28.788,0.39,1.89,0,0,49.2,13.6,"2017-2",29.178,0
"628",628,2017,2,27,34.408,-119.685,"Stearns Wharf",0,0,6.45,1.26,0,3.981,0.161,0.777,0,0,8.13,13.8,"2017-2",4.142,0
"629",629,2017,3,7,34.408,-119.685,"Stearns Wharf",0,0,7.59,0.57,0,4.562,0.123,0.882,0,7425,6.68,13.3,"2017-3",4.685,7425
"630",630,2017,3,13,34.408,-119.685,"Stearns Wharf",0,0,7.75,1.31,0,0.787,0.067,0.253,0,141078,1.29,15.1,"2017-3",0.854,141078
"631",631,2017,3,21,34.408,-119.685,"Stearns Wharf",0,0,7.83,1.26,0.06,0,0.137,0.287,10210,0,0.732,15.3,"2017-3",0.137,10210
"632",632,2017,3,27,34.408,-119.685,"Stearns Wharf",0,0,11.8,1.93,0.26,6.415,0.021,0.746,928,35734,7.05,14.7,"2017-3",6.436,36662
"633",633,2017,4,3,34.408,-119.685,"Stearns Wharf",0,0,4.02,2.2,1.08,12.288,0.132,1.11,4641,83069,13.1,13.3,"2017-4",12.42,87710
"634",634,2017,4,10,34.408,-119.685,"Stearns Wharf",0,0,3.4,2.12,2.24,6.35,0.321,0.866,1856,60794,8.57,13.6,"2017-4",6.671,62650
"635",635,2017,4,17,34.408,-119.685,"Stearns Wharf",0,0,5.52,5.82,7.56,2.133,0.028,0.458,5940,264336,1.35,14,"2017-4",2.161,270276
"636",636,2017,4,24,34.408,-119.685,"Stearns Wharf",0,0,2.84,2.37,0.04,0.261,0.004,0.299,0,0,1.51,17,"2017-4",0.265,0
"637",637,2017,5,1,34.408,-119.685,"Stearns Wharf",0,9281,18.6,3.76,0.07,18.056,0.263,1.94,0,0,23.8,13.1,"2017-5",18.319,0
"638",638,2017,5,8,34.408,-119.685,"Stearns Wharf",0,0,2.13,11.01,0.97,0.2,0.056,0.215,0,109893,1.65,13.6,"2017-5",0.256,109893
"639",639,2017,5,15,34.408,-119.685,"Stearns Wharf",0,0,2.19,5.49,0.728,0,0.062,0.583,17635,31557,2.56,15.9,"2017-5",0.062,49192
"640",640,2017,5,22,34.408,-119.685,"Stearns Wharf",0,2784,1.1,5.3,0.473,0,0.006,0.344,9746,33877,5.63,15.7,"2017-5",0.006,43623
"641",641,2017,5,29,34.408,-119.685,"Stearns Wharf",0,0,19.575,4.08,4.189,0.292,0.049,0.19,18099,130405,0.836,15.6,"2017-5",0.341,148504
"642",642,2017,6,6,34.408,-119.685,"Stearns Wharf",0,0,177.924,3.38,0.21,0,0.019,0.11,60886,7425,0.497,17.7,"2017-6",0.019,68311
"643",643,2017,6,19,34.408,-119.685,"Stearns Wharf",0,0,3.429,1.44,0,0,0.066,0.34,11602,7889,2.076,18.5,"2017-6",0.066,19491
"644",644,2017,6,27,34.408,-119.685,"Stearns Wharf",0,0,4.831,1.35,0,0.473,0.092,0.66,0,0,7.972,18.3,"2017-6",0.565,0
"645",645,2017,7,3,34.408,-119.685,"Stearns Wharf",0,0,3.687,1.3,0,0.237,0.049,0.58,5569,0,6.885,16.5,"2017-7",0.286,5569
"646",646,2017,7,10,34.408,-119.685,"Stearns Wharf",0,0,3.956,2.71,0,0.35,0.065,0.58,0,3249,5.835,17.7,"2017-7",0.415,3249
"647",647,2017,7,17,34.408,-119.685,"Stearns Wharf",0,0,4.793,0,0,0.223,0.095,0.41,0,0,3.841,18.9,"2017-7",0.318,0
"648",648,2017,7,24,34.408,-119.685,"Stearns Wharf",0,0,17.157,0,0,0,0.004,0.07,4641,6033,3.535,19.5,"2017-7",0.004,10674
"649",649,2017,7,31,34.408,-119.685,"Stearns Wharf",0,0,3.647,0,0,0,-0.002,0.22,928,6033,5.848,17.6,"2017-7",-0.002,6961
"650",650,2017,8,7,34.408,-119.685,"Stearns Wharf",0,0,18.43,0,0,0,0.004,0.18,4177,1856,4.524,19.3,"2017-8",0.004,6033
"651",651,2017,8,14,34.408,-119.685,"Stearns Wharf",0,0,0.847,0,0,0,-0.001,0.1,5569,5569,2.833,18.7,"2017-8",-0.001,11138
"652",652,2017,8,21,34.408,-119.685,"Stearns Wharf",0,0,2.072,0,0,0,0.033,0.46,0,8817,5.196,17.5,"2017-8",0.033,8817
"653",653,2017,9,4,34.408,-119.685,"Stearns Wharf",0,0,3.942,0,0,0,0.017,0.19,0,0,4.138,21.6,"2017-9",0.017,0
