"","location","akashiwo","alexandrium","ammonia","chlorophyll","domoic_acid","n_n","phosphate","silicate","pseudo_nitzschia_spp","water_temp"
"1","Stearns Wharf",0,0,1.086,12.14,0.05,0.329,0.851,6.932,4e+05,18
"2","Stearns Wharf",0,0,0.986,4.21,0.05,0.319,1.202,10.673,61000,18
"3","Stearns Wharf",500,0,1.26,1.92,0,0.434,0.454,5.894,260000,18.1
"4","Stearns Wharf",1200,0,7.786,1.14,0,0.706,0.685,8.684,2900,18.8
"5","Stearns Wharf",4000,250,3.516,2.76,0,0.888,0.553,8.233,900,19.4
"6","Stearns Wharf",500,0,1.442,1.24,0,0.528,0.261,5.44,5000,19.4
"7","Stearns Wharf",0,0,1.527,2.21,0.1,0.486,0.483,4.565,540,18.4
"8","Stearns Wharf",150,0,1.113,1.64,0,0.52,0.505,6.755,0,18.9
"9","Stearns Wharf",300,0,3.221,0.92,0,0.659,0.569,8.279,1400,19.6
"10","Stearns Wharf",350,0,2.117,2.4,0,0.544,0.246,4.473,6800,21
"11","Stearns Wharf",0,0,2.454,5.47,0,0.647,0.6,7.639,450,17.8
"12","Stearns Wharf",1300,320,2.317,4.9,0,0.758,0.606,6.923,340,17.4
"13","Stearns Wharf",100,0,1.347,1.86,0,0.603,0.343,4.015,2200,17.8
"14","Stearns Wharf",0,0,2.335,1.82,0,1.506,0.472,5.737,12400,16.4
"15","Stearns Wharf",900,4300,6.714,8.04,0,0.608,0.627,4.356,28700,18.1
"16","Santa Monica Pier",0,0,2.71552,3.6,0.04,1.616488,0.62195,4.50644,0,16.8
"17","Stearns Wharf",100,0,2.799,4.21,0,0.625,0.597,4.691,54000,15.3
"18","Stearns Wharf",42000,1200,3.711,3.31,0,0.917,0.426,3.793,4000,16.7
"19","Cal Poly Pier",4265,0,2,16.73,0.05,3.91,0.63,78.09,0,14.3
"20","Stearns Wharf",150,0,6.437,4.73,0,1.212,0.724,6.248,100,18.3
"21","Stearns Wharf",5500,0,4.069,1.09,0,10.751,1.098,11.197,1700,15.2
"22","Stearns Wharf",27500,0,3.323,3.77,0,2.595,0.482,6.773,29000,15.9
"23","Santa Monica Pier",68722,0,0.585033,42.1,0.04,1.367582,0.374104,2.88745,10752,17
"24","Stearns Wharf",9500,0,7.223,10.78,0,3.252,1.269,8.93,2000,16.6
"25","Stearns Wharf",15600,0,1.19,5.14,0,0.371,0.517,3.808,1600,16.4
"26","Stearns Wharf",10800,0,5.815,4.43,0,1.289,0.766,7.173,11500,15.2
"27","Newport Pier",10399,0,1.84,4.53,0.08,1.71,0.36,2.91,77996,16
"28","Stearns Wharf",3000,0,5.782,1.03,0.07,10.025,2.346,14.134,3500,12.8
"29","Stearns Wharf",100,0,2.731,3.36,0,4.322,0.788,6.269,9000,12.1
"30","Santa Monica Pier",0,0,2.64605,5.5,0.04,3.625616,0.543566,5.0204,413161,12.5
"31","Stearns Wharf",80,500,3.761,1.83,0,2.248,1.056,6.256,6000,12.4
"32","Stearns Wharf",100,0,2.45,0.98,0,2.591,0.616,6.21,3100,13
"33","Santa Monica Pier",0,0,2.87,1.5,0.08,1.34,0.4,4.79,13651,14
"34","Cal Poly Pier",0,2133,2.84,1.83,0.01,5.76,0.91,80.3,0,12.1
"35","Stearns Wharf",100,1200,3.407,3.86,0,1.903,0.789,7.093,2600,13.2
"36","Stearns Wharf",0,0,2.64,0.93,0,1.515,0.632,5.286,300,13.9
"37","Stearns Wharf",0,0,3.183,1.77,0,3.549,0.796,7.276,8200,13.2
"38","Stearns Wharf",0,0,3.65,1.03,0,1.489,0.584,6.101,1050,12.4
"39","Santa Monica Pier",0,0,1.47,6.5,0.04,4.23,0.83,6.48,6523,14
"40","Stearns Wharf",0,0,3.233,1.78,0,7.678,0.958,11.389,4050,12.1
"41","Stearns Wharf",0,0,2.815,7.33,0,3.652,0.567,8.594,4280,13.9
"42","Santa Monica Pier",0,0,2.56,4,0.04,1.31,0.32,3.75,1683,14
"43","Stearns Wharf",0,0,4.123,2.26,0,3.88,0.862,9.243,10400,14.2
"44","Santa Monica Pier",0,0,1.96,7.5,0.05,1.11,0.43,5.85,5984,14.4
"45","Cal Poly Pier",0,0,0.01,5.93,0.04,6.66,0.06,0.21,0,12.8
"46","Stearns Wharf",0,0,0.339,10.4,0.09,0.402,0.362,3.748,111900,13.2
"47","Santa Monica Pier",0,0,7.37,4,0.08,1.02,0.52,2.84,8976,14.4
"48","Santa Monica Pier",56,0,3.82,5.5,0.16,1.63,0.59,3.06,684.42,14
"49","Cal Poly Pier",0,0,0.01,15.48,0.04,3.89,0.73,59.65,0,11.1
"50","Stearns Wharf",0,0,3.729,1.68,0.17,1.069,0.824,5.754,30100,14.8
"51","Stearns Wharf",0,0,3.915,1.02,0.22,11.236,1.338,17.175,9600,10
"52","Stearns Wharf",0,0,3.883,1.86,1.12,4.026,1.027,7.997,31400,12.9
"53","Stearns Wharf",0,0,8.145,1.12,0,4.185,0.935,8.063,5400,13.6
"54","Cal Poly Pier",0,0,0.35,14.15,0.08,0.69,0.39,40.57,0,11
"55","Stearns Wharf",0,0,7.195,0.93,0,5.116,1.061,11.43,4000,14.6
"56","Cal Poly Pier",0,0,2.37,1.2,0.21,11.9,1.54,44.66,0,12.7
"57","Santa Monica Pier",0,0,3.92,2.41,0.06,0.99,0.71,8.27,2431,16.2
"58","Scripps Pier",0,0,0.11,1.82,0.22,0.28,0.03,2.2,461516,16.7
"59","Santa Monica Pier",0,0,4.1,7.02,0.09,0.67,0.3,2.03,0,16.2
"60","Stearns Wharf",0,0,8.214,3.44,0.51,10.399,1.018,18.652,17900,14.5
"61","Goleta Pier",0,0,4.16624,1.37603,0.54,7.563527,0.875708,15.5513,12200,15.2
"62","Scripps Pier",0,0,1,1.66,0.07,4.1,0.6,7.7,45758,15.8
"63","Stearns Wharf",0,0,3.338,2.49,1.26,9.979,1.108,15.85,28900,13.1
"64","Goleta Pier",0,0,1.66853,1.14201,0.46,11.910415,1.29048,19.6911,13700,13
"65","Cal Poly Pier",0,0,2.84,5.58,0.09,15.74,1.65,57.4,0,10.7
"66","Santa Monica Pier",187,0,4.54,6.52,0.2,0.83,0.65,1.67,0,16.5
"67","Scripps Pier",0,0,0.32,3.82,0.051,0.34,0.17,2.3,33030,17.7
"68","Stearns Wharf",0,0,9.423,3.78,0.22,1.016,0.481,0.723,5300,15.2
"69","Goleta Pier",0,0,26.3806,2.97621,2.64,8.198339,1.27362,8.76314,98200,13.4
"70","Cal Poly Pier",0,0,32.73,4.75,0.12,3.16,0.8,32.39,8530,10.9
"71","Santa Monica Pier",0,0,4.15,2.51,1.32,0.69,0.48,0.79,149619,18.2
"72","Scripps Pier",0,0,0.19,4.45,0.05,0.19,0.07,1.6,55152,18.9
"73","Stearns Wharf",0,0,6.822,2.58,0.18,1.743,0.509,1.271,12500,15.2
"74","Goleta Pier",0,0,5.27632,4.28692,0.72,1.921864,0.38117,0.521643,30500,14.2
"75","Santa Monica Pier",0,0,2.83,2.41,0.28,0.54,0.42,0.55,0,17.7
"76","Stearns Wharf",0,0,1.957,4.8,0.38,0.711,1.248,1.641,94000,16
"77","Goleta Pier",0,0,1.41795,4.69097,0.25,0.637276,0.370946,0.067957,102000,15.9
"78","Cal Poly Pier",0,0,9.17,6.53,0.3,4.02,0.49,29.95,8530,11.3
"79","Stearns Wharf",0,0,5.446,3.69,0,2.675,0.786,5.399,451600,14.2
"80","Goleta Pier",0,0,3.63267,3.79417,0.079,2.361302,0.68267,3.47577,556000,14.2
"81","Stearns Wharf",0,0,9.243,1.84,0.042,4.632,1.367,11.433,49900,14.6
"82","Goleta Pier",0,0,2.35378,2.21737,0,0.928748,0.781352,5.99157,31900,14.6
"83","Newport Pier",0,0,2.01,4.17,0.04,2.03,0.42,6.08,10399,17
"84","Santa Monica Pier",0,0,2.93,1.2,0.08,3.49,0.62,5.69,0,18
"85","Newport Pier",0,0,2.58,4.27,0.08,3.24,0.35,5.43,103994,16.5
"86","Stearns Wharf",0,0,0.911,4.31,0,0.284,0.51,4.89,25700,16.5
"87","Goleta Pier",0,0,1.30763,4.75996,0,0.62694,0.709017,3.67596,40600,16.5
"88","Santa Monica Pier",0,0,1.66,3.01,0.26,0.96,0.49,3.09,748,19
"89","Cal Poly Pier",0,2133,0.73,7.05,0.16,2.4,0.44,60.24,0,16.2
"90","Newport Pier",0,0,1.56,2.23,0.04,1.4,0.39,4.36,20799,17
"91","Stearns Wharf",0,0,1.29,2.5,0.13,0.365,0.33,4.99,99400,16.4
"92","Goleta Pier",0,0,1.76214,4.70411,0.14,0.449235,0.52378,5.92918,55000,17
"93","Santa Monica Pier",0,0,8.73,1.5,0.41,0.71,0.33,1.86,5610,21
"94","Goleta Pier",0,0,2.90065,3.77446,0.22,1.987969,1.1554,8.13419,261700,13.5
"95","Stearns Wharf",0,0,4.1,5.18,0.057,1.716,0.991,9.136,190000,16.5
"96","Goleta Pier",0,0,2.16484,3.48867,0.044,1.253563,0.946965,5.83939,73800,17.2
"97","Santa Monica Pier",0,0,2.12,1.2,0.05,0.61,0.47,4.4,187,19
"98","Scripps Pier",0,0,0.36,3.24,0.056,0.38,0.32,5,56061,18
"99","Stearns Wharf",0,0,0.844,17.08,0.2,0.457,0.474,0.649,539800,15.2
"100","Goleta Pier",0,0,1.54179,6.30719,0.14,0.705163,0.714555,1.01142,357700,16.8
"101","Stearns Wharf",0,0,1.526,1.89,0,0.787,0.454,3.061,8800,19.2
"102","Goleta Pier",0,0,0.644489,2.28636,0.081,0.343875,0.349258,0.604748,42700,19.1
"103","Santa Monica Pier",0,0,8.98,2,0.05,0.73,0.39,0.12,1122,21
"104","Stearns Wharf",0,0,0.931,8.1,0,0.896,0.535,7.594,11100,15.2
"105","Goleta Pier",0,0,2.47997,1.89743,0,0.452706,0.643716,4.8755,25700,16
"106","Goleta Pier",0,0,1.19762,3.10967,0,0.353965,0.602646,3.27444,71500,16
"107","Stearns Wharf",0,14700,3.234,5.64,0,1.137,0.875,9.938,6400,17
"108","Goleta Pier",0,0,1.50549,0.282471,0,0.483266,0.512067,0.588101,60700,18
"109","Stearns Wharf",0,0,3.795,1.53,0.059,0.667,0.543,1.748,142300,16
"110","Santa Monica Pier",0,0,3.27,1.5,0.04,0.74,0.42,2.06,0,21
"111","Goleta Pier",0,0,2.97786,0.418475,0,1.009524,0.781012,3.78626,28800,19
"112","Stearns Wharf",0,2000,3.374,1.53,0,1.394,0.696,5.662,16600,17
"113","Santa Monica Pier",0,0,3.04,2.81,0.06,0.49,0.5,3.35,0,19.4
"114","Scripps Pier",0,0,0.18,0.93,0.41,0.09,0.2,1.1,0,22.1
"115","Goleta Pier",0,0,1.30216,1.08926,0,0.64038,0.572571,2.57661,40400,17
"116","Stearns Wharf",0,1100,1.125,1.23,0,0.573,0.206,1.53,74800,16.5
"117","Cal Poly Pier",0,0,0.51,4,0.16,2.99,0.7,60.08,322016,14.3
"118","Stearns Wharf",0,0,1.271,1.02,0,0.757,0.449,4.462,26600,17
"119","Goleta Pier",0,13400,3.30128,0.474357,0,0.782424,0.673495,5.67165,13400,17.8
"120","Cal Poly Pier",0,0,4.25,1.45,1.6,4.38,0.92,70.61,215388,13.7
"121","Stearns Wharf",0,1700,1.019,1.88,0,0.438,0.287,2.4,62700,17.2
"122","Goleta Pier",0,2300,1.78814,2.05554,0,0.390106,0.394048,0.624996,100300,17.1
"123","Cal Poly Pier",0,0,3.25,2.79,2.55,3.23,0.68,65.24,379594,15.5
"124","Cal Poly Pier",0,0,8,4.38,0.46,3.34,1.39,101,40519,15
"125","Stearns Wharf",0,0,1.173,2.06,0,0.23,0.259,1.122,0,19.8
"126","Goleta Pier",0,300,1.28915,2.09068,0,0.50059,0.494832,2.37259,0,19.5
"127","Stearns Wharf",0,800,2.892,3.64,0,0.615,0.702,5.254,0,18
"128","Goleta Pier",0,4700,1.69824,4.33948,0,0.481281,0.417684,1.20493,400,19
"129","Stearns Wharf",0,3300,1.667,5.15,0,0.471,0.433,5.624,0,18
"130","Goleta Pier",0,9500,1.82352,7.8708,0,0.578321,0.782658,5.95636,0,17.5
"131","Stearns Wharf",0,0,6.75,0.47,0,2.058,1.31,13.475,0,17
"132","Goleta Pier",0,0,16.8525,2.65288,0,5.006627,0.767665,8.672,2900,17.5
"133","Stearns Wharf",0,0,1.314,2.81,0,0.767,0.501,3.052,12000,16
"134","Goleta Pier",60,0,1.63929,0.939826,0,0.569856,0.471271,1.72097,4880,17
"135","Stearns Wharf",0,0,2.424,7.45,0,0.571,0.781,4.013,0,18
"136","Goleta Pier",0,0,2.16184,0.913671,0,1.006795,0.59699,3.56073,1720,17
"137","Stearns Wharf",0,0,7.234,3.44,0,1.308,1.169,7.297,0,17.5
"138","Goleta Pier",180,0,0.686289,4.32192,0,0.261837,0.575164,5.12462,560,16.5
"139","Stearns Wharf",0,0,0.935,2.21,0,0.467,0.395,1.903,16000,14.8
"140","Goleta Pier",240,0,0.536789,2.70559,0,0.463435,0.423702,2.75741,17640,15.5
"141","Stearns Wharf",0,0,2.604,4.55,0,0.713,0.888,6.647,900,16.1
"142","Goleta Pier",40,0,0.577813,4.26921,0,0.311978,0.502869,3.5942,1160,17
"143","Stearns Wharf",0,0,0.74,3.9,0,0.792,0.49,5.08,3900,15.2
"144","Goleta Pier",40,0,0.408386,1.79201,0,0.803257,0.3091,2.37407,2100,16
"145","Stearns Wharf",0,0,3.065,5.38,0,0.664,0.639,5.677,500,16
"146","Stearns Wharf",0,0,2.727,0.96,0,2.773,0.68,5.108,1100,16.5
"147","Goleta Pier",0,0,1.29128,1.25968,0,1.805562,0.434547,3.17577,1300,16
"148","Goleta Pier",200,0,2.33695,1.72621,0.11,1.674171,0.647237,4.20003,3400,0
"149","Stearns Wharf",0,0,2.754,1.29,0,1.499,0.884,6.531,0,15
"150","Goleta Pier",0,0,2.63273,0.948713,0,2.049938,0.61735,5.32415,1500,15
"151","Stearns Wharf",20,0,3.865,1.74,0,1.332,0.686,5.424,240,13.5
"152","Goleta Pier",20,0,1.70101,1.49954,0,0.897503,0.47598,3.40661,600,13.5
"153","Stearns Wharf",0,0,3.865,1.99,0,2.109,0.739,6.663,500,14.8
"154","Goleta Pier",0,0,2.35101,2.54747,0,1.852838,0.738751,4.89203,0,14.8
"155","Stearns Wharf",0,0,3.665,2.25,0,1.367,0.593,4.114,8900,14.8
"156","Goleta Pier",20,0,1.62969,2.14339,0,1.2431,0.442762,3.03619,880,14.5
"157","Santa Monica Pier",0,0,1.66875,1.2,0.05,0.44807,0.353947,3.02747,0,14.8
"158","Stearns Wharf",100,0,8.232,1,0,1.845,0.913,6.734,2700,16
"159","Goleta Pier",40,0,2.33152,1.84472,0,1.138263,0.546369,3.54971,1200,14.5
"160","Stearns Wharf",0,0,2.601,1.17,0.05,3.457,1.073,5.139,500,14.8
"161","Goleta Pier",0,0,2.27453,1.95013,0,3.37135,1.20188,6.86671,120,14
"162","Santa Monica Pier",0,0,3.88305,0.8,0.02,1.940489,0.536346,5.11893,882,14
"163","Stearns Wharf",0,0,3.374,0.58,0,4.585,0.952,8.485,400,14
"164","Goleta Pier",0,0,1.97663,0.896007,0,2.759101,0.7769,6.04879,0,13.5
"165","Santa Monica Pier",0,0,5.08032,2.5,0.05,2.09885,0.219397,3.7639,374,14.5
"166","Stearns Wharf",0,0,2.908,1.48,0,2.25,0.765,6.213,4100,15.2
"167","Goleta Pier",0,0,1.80509,6.32475,0,1.951747,0.52552,4.19009,460,15.5
"168","Stearns Wharf",0,0,4.152,0.56,0,2.639,0.998,7.314,120,12.5
"169","Stearns Wharf",0,0,4.104,1.59,0,1.958,0.722,4.681,1500,13.5
"170","Goleta Pier",0,0,1.93523,1.80958,0,1.778075,0.628259,4.12553,600,15
"171","Goleta Pier",0,0,2.66963,0.820461,0,1.559307,0.521761,3.99151,840,14.5
"172","Stearns Wharf",0,0,4.395,1.86,0,1.865,0.752,5.668,800,15
"173","Goleta Pier",0,0,1.44394,1.63903,0,1.1711,0.471128,3.11978,500,14.5
"174","Stearns Wharf",0,0,4.761,1.06,0,2.979,1.108,7.687,7100,13.5
"175","Stearns Wharf",0,0,3.138,3.61,0,8.736,1.016,11.691,27100,12.5
"176","Goleta Pier",0,0,3.08388,3.40834,0,5.462819,0.781532,9.42837,34900,14
"177","Scripps Pier",0,0,0.54,2.12,0.19,0.11,0.22,2.9,199091,15.7
"178","Stearns Wharf",0,0,5.053,3.02,0,2.524,1.159,5.87,16600,14.5
"179","Goleta Pier",0,0,1.91576,4.84898,0,1.645564,0.460429,3.56629,22800,14.5
"180","Stearns Wharf",0,0,4.807,2.28,0,2.162,1.136,4.015,3300,14
"181","Santa Monica Pier",0,0,1.54157,1,0.05,0.863228,0.199315,1.4694,0,16
"182","Goleta Pier",0,0,2.6834,2.22538,0,8.164801,1.1029,12.2395,6100,15
"183","Stearns Wharf",0,0,14.431,2.23,0,12.626,1.489,15.753,620,13
"184","Goleta Pier",0,0,4.81228,1.20893,0.051,1.491404,0.769273,4.44598,900,14.5
"185","Stearns Wharf",0,0,1.503,1.38,0,15.453,1.545,25.826,2880,15.5
"186","Goleta Pier",0,0,3.34879,1.61633,0.041,0.604216,0.461556,4.8248,2800,16
"187","Santa Monica Pier",0,0,5.87,3.00712,0.04,7.15,0.8,8.68,8602,13.5
"188","Scripps Pier",0,0,0.4,20.46,0.08,0.37,0.48,8.4,57576,14.8
"189","Stearns Wharf",0,0,5.646,2.67,0,1.361,1.304,6.057,700,13
"190","Scripps Pier",400,0,0.66,20.46,0.087,0.08,0.26,2.4,392000,15.7
"191","Santa Monica Pier",0,0,3.00826,6.01425,0.04,1.536752,0.703986,4.11966,0,14.8
"192","Goleta Pier",0,0,2.11043,13.7973,0,1.823433,0.590804,4.33801,4900,14.5
"193","Stearns Wharf",0,0,7.101,0.74,0,6.865,1.92,10.276,11800,14.5
"194","Stearns Wharf",0,0,7.125,2.25,0.078,3.661,1.548,7.345,28000,13
"195","Santa Monica Pier",0,0,10.6426,29.0689,0.27,0.49476,2.35391,5.90313,0,15.5
"196","Scripps Pier",400,0,0.29,18.26,0.12,0.02,0.22,3.1,13200,16.8
"197","Scripps Pier",400,0,0.23,11.08,0.044,0.5,0.37,5.9,11600,16.9
"198","Stearns Wharf",0,0,11.023,2.51,0.28,16.96,2.177,18.358,61400,14
"199","Goleta Pier",0,0,8.69393,3.53718,0.52,12.56928,1.58256,12.8637,73000,13.5
"200","Scripps Pier",400,0,0.07,4.11,0.061,0.06,0.25,5.4,252800,17.1
"201","Stearns Wharf",0,0,6.093,4.52,0.12,2.354,0.774,4.778,37100,14.5
"202","Goleta Pier",0,0,3.83099,3.95883,0,2.560363,0.604022,2.57111,32700,14
"203","Stearns Wharf",0,0,1.241,4.1,0.072,0.589,0.192,1.633,2600,17.5
"204","Goleta Pier",0,0,4.49598,2.31908,0,0.755021,0.346111,3.36767,3300,14.5
"205","Scripps Pier",400,0,0.11,18.91,0.053,0.02,0.18,5,6400,18.9
"206","Stearns Wharf",0,0,0.718,2.25,0.36,0.238,0.235,2.139,65400,16.5
"207","Goleta Pier",0,0,1.26923,2.6236,0.52,0.354473,0.27372,1.9516,70600,16.5
"208","Scripps Pier",400,0,0.12,5.37,0.05,0.01,0.2,4.8,6400,19.6
"209","Newport Pier",0,0,2.69,5.26,0.04,1.01,0.16,3.09,0,20
"210","Newport Pier",0,0,2.56,9.93,0.09,0.89,0.11,2.4,0,20.5
"211","Stearns Wharf",0,0,6.941,1.59,0.059,1.349,1.21,10.129,11400,16.5
"212","Goleta Pier",0,0,2.76567,2.45963,0.27,0.619668,0.415702,1.35843,32800,16
"213","Stearns Wharf",0,0,1.171,5.43,0.21,0.309,1.055,10.276,2100,15.5
"214","Goleta Pier",0,0,1.09063,11.1035,1.46,0.352182,0.482249,2.97765,15000,15.5
"215","Stearns Wharf",0,0,2.206,6.56,0.25,0.455,1.123,15.897,300,15
"216","Goleta Pier",0,0,4.46801,1.71003,0.64,1.089584,0.852647,4.21503,10300,16
"217","Scripps Pier",0,0,0.38,2.01,0.08,1.4,0.43,6.8,1600,17.2
"218","Stearns Wharf",0,0,0.449,14.06,0.053,0.02,0.629,9.357,0,16.5
"219","Goleta Pier",0,0,1.18326,6.67613,0.47,0.340448,0.689235,6.01353,9300,17.5
"220","Stearns Wharf",0,0,1.849,7.57,0,0.334,0.472,3.264,0,15.5
"221","Goleta Pier",0,0,2.74926,5.48145,0.056,0.690485,0.513919,2.77722,3500,16
"222","Newport Pier",0,0,1.89,2.13,0.34,0.32,0.25,4.56,70196,18
"223","Stearns Wharf",0,0,2.772,4.19,2.47,0.541,0.301,0.012,47600,15
"224","Goleta Pier",0,0,0.920776,5.66885,1.82,0.362601,0.351392,0.602592,46200,15
"225","Newport Pier",0,0,4.66,4.95,0.05,0.76,0.17,1.41,0,17
"226","Stearns Wharf",0,0,4.122,4.83,0.33,5.079,0.777,5.673,83000,14
"227","Goleta Pier",0,0,4.38346,1.65146,0.44,0.907824,0.475154,1.44472,24200,16.5
"228","Stearns Wharf",0,0,3.363,3.76,0.64,0.526,0.32,4.801,58700,16.5
"229","Goleta Pier",0,0,7.27717,3.74215,0.53,1.016719,0.585987,9.27946,47700,17
"230","Stearns Wharf",600,3400,1.859,11.42,0.33,0.74,1.408,8.555,152500,14
"231","Goleta Pier",0,0,4.83865,5.63957,0.26,0.739824,0.670908,6.67306,105300,14.5
"232","Scripps Pier",0,0,1.68,0.92,0.048,0.21,0.34,3.1,3200,19.4
"233","Santa Monica Pier",0,0,13.3101,3.00712,0.2,3.182083,69.3966,10.7976,1335,18
"234","Stearns Wharf",800,0,3.046,9.29,0,2.196,0.89,14.56,1800,16
"235","Goleta Pier",0,0,7.9168,4.40976,0,3.21503,0.903229,9.32549,18500,16.5
"236","Stearns Wharf",12100,0,5.673,6.47,0,2.472,0.908,11.598,0,15
"237","Goleta Pier",3600,1000,4.12485,8.57355,0,2.488449,0.719291,5.30534,0,15
"238","Stearns Wharf",2900,0,3.008,2.72,0,0.531,0.58,4.531,0,16.5
"239","Goleta Pier",1200,0,2.61467,1.37036,0,0.57079,0.564791,3.8583,6400,17.5
"240","Stearns Wharf",3200,2800,2.138,6.11,0,1.142,0.633,4.923,0,17.5
"241","Goleta Pier",0,0,3.80207,2.93398,0.18,0.839129,0.562076,3.78733,14300,17.5
"242","Stearns Wharf",3200,0,5.56,11.08,0,0.727,0.703,5.02,0,16.5
"243","Goleta Pier",4700,0,4.29362,16.6083,0,1.157857,0.557634,6.18406,0,18
"244","Stearns Wharf",400,0,6.956,4.08,0,0.893,0.735,3.466,0,17
"245","Goleta Pier",15500,2400,3.17,12.7675,0,1.48199,0.499929,3.75023,0,18
"246","Stearns Wharf",700,0,7.671,3.19,0,0.923,0.617,3.568,8800,17.5
"247","Goleta Pier",7000,0,15.3782,6.01612,0,0.935035,0.462938,4.69235,38800,17.5
"248","Stearns Wharf",0,0,4.705,1.85,0,0.873,0.667,3.767,223400,15.5
"249","Goleta Pier",0,0,3.20776,2.23933,0.049,0.22737,0.304346,2.25579,351800,16.5
"250","Stearns Wharf",0,0,3.171,4.56,0.059,1.046,0.576,3.593,174800,15
"251","Goleta Pier",4000,0,25.942,6.5676,0.067,7.220852,1.31946,14.589,239000,15
"252","Scripps Pier",400,0,0.16,2.78,0.087,0.01,0.21,2.2,321200,18.3
"253","Stearns Wharf",2200,0,5.607,1.37,0,1.731,1.129,10.561,5100,15.5
"254","Scripps Pier",0,0,0.3,1.71,0.1,0.01,0.22,2,314800,18.3
"255","Goleta Pier",2600,0,3.48293,4.64578,0,11.613408,1.10299,13.3711,54800,16.5
"256","Stearns Wharf",1500,0,2.036,4.29,0,0.343,0.623,3.78,154400,16
"257","Goleta Pier",1000,0,2.95208,3.82692,0.043,16.099821,1.22154,18.2458,137500,16
"258","Stearns Wharf",0,0,2.121,0.53,0,0.366,0.842,6.533,10800,12.5
"259","Goleta Pier",0,0,3.456,0.618323,0,16.705502,1.42621,17.6886,19900,13.5
"260","Goleta Pier",0,0,17.5315,0.802149,0,6.874953,1.484,10.9089,18800,11
"261","Stearns Wharf",0,1100,3.511,10.68,0,0.454,0.795,9.488,18000,12.5
"262","Goleta Pier",0,0,1.98154,6.78485,0.22,0.741755,0.425982,0.798178,102800,13
"263","Stearns Wharf",3100,0,19.538,6.5,0,1.263,0.882,3.564,15300,13.5
"264","Goleta Pier",700,0,23.5767,2.20591,0,2.950684,0.87861,4.15041,17100,13.5
"265","Scripps Pier",82800,2000,0.53,10.76,0.041,0.29,0.35,2.9,124400,13.7
"266","Newport Pier",20799,0,2.01,7.58,0.05,2.56,0.51,5.14,0,13
"267","Stearns Wharf",1300,0,4.38,1.4,0,6.413,1.042,10.974,6900,12
"268","Goleta Pier",900,0,3.9188,3.02477,0,4.594996,0.746736,5.93611,9900,12
"269","Stearns Wharf",700,0,19.532,1.59,0,5.686,1.114,10.525,5400,13.5
"270","Goleta Pier",5000,0,27.5364,7.3029,0,3.604741,0.720611,6.41573,0,13.5
"271","Santa Monica Pier",0,0,2.16513,6.4152,0.19,1.342507,0.375571,3.84171,17952,15
"272","Stearns Wharf",0,0,12.122,1.14,0.14,0.995,0.847,6.426,6000,13
"273","Scripps Pier",2400,0,0.27,5.06,0.041,0.19,0.27,1.2,37200,14.3
"274","Stearns Wharf",0,0,7.477,0.81,0,1.457,0.703,4.831,4100,14.5
"275","Goleta Pier",0,0,10.2814,0.759615,0.12,3.848329,0.866708,6.14338,5100,14
"276","Stearns Wharf",700,0,6.265,2.57,0.067,1.442,0.686,4.388,23300,14.5
"277","Goleta Pier",0,0,7.41876,1.07337,0,2.298918,0.585274,3.8267,15600,15
"278","Stearns Wharf",0,0,12.165,4.93,0.5,0.939,0.69,3.415,38700,14
"279","Goleta Pier",4300,0,9.47244,3.87705,0.37,1.675155,0.555624,3.54311,27000,14
"280","Stearns Wharf",0,0,8.939,2.17,0.098,7.962,1.152,42.282,7600,12
"281","Goleta Pier",0,0,6.93881,1.47061,0.16,2.038356,0.694884,4.51043,4600,13
"282","Stearns Wharf",0,0,10.73,1.57,0.24,6.957,0.892,11.556,15200,12
"283","Newport Pier",0,23399,0.93,5.54,0.05,2.54,0.36,3.71,70196,15.5
"284","Goleta Pier",0,0,7.66422,1.2286,0.12,9.197639,0.996033,11.4908,11000,12.5
"285","Newport Pier",0,0,3.33,5.95,0.1,12.4,1.01,10.9,33798,13.5
"286","Stearns Wharf",0,0,3.674,2.02,2.57,17.18,1.637,25.032,131200,13
"287","Goleta Pier",0,0,6.47656,0.280727,0.1,21.936726,1.89046,31.9034,9300,12
"288","Santa Monica Pier",0,0,5.68331,22.5534,1.5,2.964556,0.454872,2.12231,1880926,13.5
"289","Stearns Wharf",0,0,4.323,3.74,0.29,0.519,0.331,1.438,40600,14
"290","Goleta Pier",0,0,3.40762,2.50672,0.29,10.536924,1.06659,12.5421,28100,13
"291","Stearns Wharf",0,0,3.689,4.03,1.8,24.679,1.956,56.238,60700,12
"292","Goleta Pier",0,0,3.58459,8.1329,5.31,8.347154,1.52635,10.1144,93500,12.5
"293","Stearns Wharf",0,0,4.906,2.97,1.19,5.034,0.406,15.801,63500,13
"294","Goleta Pier",0,0,4.07585,10.0046,6.56,5.735189,0.775372,4.91291,254000,13
"295","Stearns Wharf",0,0,8.228,3.14,0.051,4.297,0.996,8.797,17700,13
"296","Goleta Pier",0,0,8.44095,2.59027,1.33,3.113242,0.656938,3.73153,51900,14
"297","Stearns Wharf",0,0,15.344,0.35,0.11,13.809,1.899,23.735,5900,13.5
"298","Santa Monica Pier",0,0,6.27874,0.7,0.042,7.036589,0.866805,8.51927,5610,14
"299","Stearns Wharf",0,0,12.442,5.06,9.33,1.365,1.171,3.668,82700,15
"300","Santa Monica Pier",0,0,7.05184,1.3,0.047,4.361855,0.603726,3.78697,20196,17
"301","Stearns Wharf",0,0,10.598,3.07,0.084,7.519,1.565,12.569,10000,13
"302","Goleta Pier",0,0,4.33288,2.49001,0.052,15.856317,1.56428,20.5471,9000,12.5
"303","Stearns Wharf",0,0,1.815,4.58,0.094,0.042,0.129,0.583,12200,15
"304","Goleta Pier",0,0,2.59475,9.90989,0.058,0.356789,0.302391,2.2392,15100,15
"305","Stearns Wharf",0,0,7.113,4.46,0.082,1.116,0.909,4.003,8500,12.5
"306","Goleta Pier",0,0,7.45596,16.756,0.22,8.191445,1.43801,12.1809,14900,13
"307","Stearns Wharf",0,0,9.44,11.1,0.4,12.558,1.923,20.283,7500,13
"308","Goleta Pier",0,0,5.15929,3.05819,0.19,12.314115,1.3091,14.1865,7200,14
"309","Goleta Pier",0,0,12.2976,4.92988,2.49,4.353058,0.822385,4.67664,140800,15
"310","Newport Pier",0,0,1.03,9.03,0.11,6.15,0.57,7.03,6066308,15
"311","Stearns Wharf",0,0,6.617,0.77,0.28,20.319,2.054,27.733,381600,15
"312","Scripps Pier",400,0,1.46,2.59,0.26,0.2,0.33,0.66,515200,17.7
"313","Stearns Wharf",0,0,4.426,2.19,0.2,1.333,0.744,5.053,142400,15
"314","Goleta Pier",0,0,1.97657,3.7935,0.68,0.161679,0.311111,0.817671,123300,15
"315","Santa Monica Pier",0,0,1.56804,2,0.048,1.121664,0.49217,3.52884,28424,17.5
"316","Stearns Wharf",0,0,18.845,0.49,0.27,0.294,0.238,0.81,20100,16
"317","Goleta Pier",0,0,4.22998,1.16312,0.74,0.945087,0.365268,1.76816,44200,16
"318","Stearns Wharf",0,0,13.01,1.57,0.74,2.057,1.878,8.717,59000,15.5
"319","Goleta Pier",0,0,8.79997,2.70725,2.31,0.584839,0.564623,1.80236,116000,15.5
"320","Stearns Wharf",0,0,4.861,1.91,0,0.851,0.826,5.362,0,17
"321","Cal Poly Pier",0,0,4.96,3.19,0.05,8.46,1.05,16.35,44779,17
"322","Cal Poly Pier",0,0,1.79,7.39,0.79,1.81,0.47,5.97,117277,17
"323","Cal Poly Pier",0,0,2.92,14.26,0.21,4.73,0.87,12.07,166320,17
"324","Cal Poly Pier",0,0,3.2,2.13,0.42,1.68,0.56,3.11,72498,17
"325","Cal Poly Pier",0,0,2.28,2.85,0.04,10.8,1.34,25.17,17098,16
"326","Stearns Wharf",0,0,4.69,2.32,0,0.483,0.41,5.508,5198,17
"327","Stearns Wharf",0,0,12.538,0.51,0,9.387,1.251,16.545,2228,13
"328","Stearns Wharf",371,0,4.138,8.11,0,1.059,0.404,6.341,1856,14
"329","Cal Poly Pier",0,42745,2.43,6.32,0.37,4.57,0.57,3.64,1470420,14
"330","Stearns Wharf",0,0,11.545,1.57,0,1.125,1.035,7.195,2552,15
"331","Stearns Wharf",0,0,3.188,1.22,0,0.666,0.471,3.93,4873,15
"332","Stearns Wharf",0,0,2.456,1.09,0,2.006,0.559,5.731,80,16
"333","Stearns Wharf",0,0,2.605,4.88,0,1.031,0.495,4.533,5569,14
"334","Stearns Wharf",0,0,7.141,1.32,0,0.919,0.577,3.617,14387,15
"335","Stearns Wharf",0,0,6.514,0.98,0,1.981,0.707,5.877,160,13
"336","Stearns Wharf",0,0,39.209,0.61,0,2.619,0.677,6.229,600,14.5
"337","Santa Monica Pier",0,0,2.73857,1.2,0.041,1.382757,0.569055,2.82112,19448,15
"338","Stearns Wharf",0,0,12.817,0.85,0,2.34,0.643,6.473,17171,15
"339","Stearns Wharf",0,0,40.207,1.96,0,0.579,0.271,3.348,17635,14
"340","Scripps Pier",2400,0,0.09,6.27,0.08,0.39,0.23,1.31,432800,13.9
"341","Santa Monica Pier",0,0,2.40204,12.2,0.12,2.001218,0.447127,3.21465,32538,13.5
"342","Stearns Wharf",0,0,2.639,1.05,0,3.324,0.611,7.083,1200,14
"343","Stearns Wharf",0,0,9.554,5.1,0.15,0.744,0.321,2.064,221363,14
"344","Stearns Wharf",232,0,19.823,1.55,0.11,0.54,1.912,1.559,61026,14
"345","Scripps Pier",0,0,0.6,1.62,0.042,0.46,0.22,1.12,122400,14.5
"346","Stearns Wharf",0,0,24.027,0.82,0,1.602,0.654,5.756,80,16
"347","Santa Monica Pier",0,374,11.7117,1,0.053,2.71876,0.728117,5.86564,8228,15
"348","Stearns Wharf",0,0,30.393,1.78,0,4.404,0.706,9.617,17171,13
"349","Stearns Wharf",0,0,6.616,0.32,0,6.406,1.449,13.158,40,13
"350","Scripps Pier",0,0,0.27,8.21,0.041,1.6,0.31,4.71,59200,13.3
"351","Stearns Wharf",0,0,6.325,0.67,0,12.436,1.548,18.45,80,15
"352","Stearns Wharf",0,0,8.205,0.65,0,15.243,1.652,21.397,40,12
"353","Stearns Wharf",0,0,6.186,3.65,0.046,2.261,0.614,5.74,16011,13
"354","Stearns Wharf",0,0,10.153,1.87,0,4.016,1.068,5.36,200,14
"355","Stearns Wharf",0,0,8.435,1.31,0,13.739,1.692,11.125,160,13
"356","Newport Pier",0,0,2.66,9.96,0.63,3.59,0.81,8.83,318481,15
"357","Stearns Wharf",0,0,8.11,0.22,0,20.741,1.755,24.104,0,13
"358","Newport Pier",0,0,3.6,3.25,0.07,2.33,0.46,1.95,226186,17
"359","Stearns Wharf",0,0,3.232,4.46,0,10.647,1.156,15.153,180,14
"360","Scripps Pier",0,0,0.73,1.4,0.12,0.32,0.17,0.59,368400,16.5
"361","Stearns Wharf",0,0,1.056,4.77,0,0.88,0.342,7.976,3713,15
"362","Stearns Wharf",0,0,9.897,1.32,0,0.713,0.437,1.879,10210,16
"363","Stearns Wharf",0,0,184.472,0.51,0,0.838,0.315,0.888,464,14
"364","Stearns Wharf",0,0,3.582,3.43,0.14,0.625,0.623,1.66,40838,15
"365","Santa Monica Pier",0,0,2.48994,1,0.1,2.365289,0.404627,3.0452,5984,19
"366","Stearns Wharf",0,0,90.501,3.13,0,0.553,0.647,4.879,40839,17
"367","Cal Poly Pier",0,0,0.5,3.71,0.48,0.97,0.24,0.52,40514,15.3
"368","Stearns Wharf",0,0,4.214,0.86,0,0.263,0.421,4.05,13690,18
"369","Cal Poly Pier",0,0,0.83,4.26,0.29,1.06,0.32,1.09,29852,16.1
"370","Santa Monica Pier",374,0,3.83921,0.5,0.25,1.208268,0.218096,2.51066,47872,19
"371","Stearns Wharf",0,0,3.552,1.03,0.063,0.472,0.741,4.9,17171,17
"372","Cal Poly Pier",0,2132,1.59,3.11,0.39,1.17,0.42,3.94,59705,15.9
"373","Stearns Wharf",0,0,0.944,3.38,0.15,0.422,0.32,2.18,5801,17
"374","Stearns Wharf",0,0,4.703,2.51,0.091,0.461,0.551,5.308,5105,17
"375","Santa Monica Pier",0,0,3.14311,4.3,0.092,1.590949,0.26367,1.67377,34782,19.5
"376","Stearns Wharf",0,0,1.24,1.74,1.49,0.317,0.289,0.345,67523,16
"377","Stearns Wharf",0,0,400,2.06,0,0.32,0.135,4.533,464,18.5
"378","Stearns Wharf",0,0,7.905,1.75,0,0.039,0.256,1.64,2784,17
"379","Stearns Wharf",0,0,2.697,2.52,0.24,0.046,0.407,2.922,66363,20
"380","Cal Poly Pier",0,0,0.36,5.16,0.07,2.14,0.41,2.34,28820,11
"381","Stearns Wharf",0,0,1.119,0.99,0,0.321,0.274,1.884,17866,17
"382","Stearns Wharf",0,0,7.363,1.72,0,0.65,0.81,8.244,0,17
"383","Cal Poly Pier",0,0,0.58,5.98,0.79,0.65,0.32,4.2,10674,15.9
"384","Stearns Wharf",0,0,2.077,9.11,0,0.279,0.585,7.545,0,18
"385","Stearns Wharf",0,0,1.615,0.65,0,0.3,0.364,4.234,6961,18
"386","Stearns Wharf",0,0,0.745,0.7,0,0.011,0.243,2.927,464,18
"387","Stearns Wharf",0,0,2.065,1.55,0,0.483,0.543,5.052,464,18
"388","Cal Poly Pier",0,0,0.88,3.26,4.42,2.68,0.64,4.23,42695,17
"389","Stearns Wharf",0,0,0.689,1.7,0,0.045,0.357,5.024,928,18
"390","Stearns Wharf",0,0,1.487,0.56,0,0.377,0.38,3.353,5080,17
"391","Stearns Wharf",0,0,2.662,1.14,0,0.67,0.677,5.506,19491,15
"392","Santa Monica Pier",0,0,4.00388,3.2,0.061,3.257209,0.744162,5.98536,29546,15
"393","Stearns Wharf",0,0,88.776,0.33,0,7.109,0.965,10.548,5680,14
"394","Stearns Wharf",0,0,2.297,0.63,0,0.625,0.39,2.663,16475,15
"395","Stearns Wharf",0,0,2.572,1.3,0,0.444,0.325,2.073,800,16
"396","Stearns Wharf",0,0,26.998,2.52,0,0.699,0.476,3.254,0,12
"397","Stearns Wharf",0,0,21.018,2.12,0,0.928,0.451,5.966,280,14
"398","Stearns Wharf",0,0,10.142,3.04,0,1.332,0.375,4.894,4641,14
"399","Stearns Wharf",0,0,3.776,3.48,0,1.91,0.364,3.503,19027,14
"400","Stearns Wharf",0,0,13.471,2.25,0.2,1.884,0.417,3.922,30165,10
"401","Santa Monica Pier",0,0,9.97595,22,0.006,3.144464,0.311617,32.4025,0,13.5
"402","Santa Monica Pier",0,0,1.54305,9.4,0.049,2.224683,0.365241,1.6487,3886,12
"403","Stearns Wharf",0,0,4.803,0.73,0,7.177,0.88,9.93,200,11
"404","Stearns Wharf",0,0,4.502,1.5,0,7.055,0.939,11.888,1200,11
"405","Stearns Wharf",0,0,3.049,0.84,0,2.824,0.543,5.328,160,10
"406","Stearns Wharf",0,0,27.716,2.73,0,1.816,0.476,6.54,0,13
"407","Stearns Wharf",0,0,9.939,0.42,0,8.326,0.752,10.08,380,10
"408","Stearns Wharf",0,0,2.547,0.71,0,5.097,0.691,9.19,120,11
"409","Stearns Wharf",0,0,0.949,2.29,0,9.785,0.769,12.469,928,11
"410","Stearns Wharf",0,0,2.355,5.14,0,0.633,0.224,5.032,2320,15
"411","Stearns Wharf",0,0,4.506,0.58,0,12.088,1.044,16.553,0,12
"412","Stearns Wharf",0,0,2.776,5.36,0,0.042,0.336,1.019,19491,12
"413","Stearns Wharf",0,0,4.796,1.54,0,0.496,0.716,5.464,928,14
"414","Stearns Wharf",0,0,5.627,0.82,0,1.258,0.982,5.325,2120,13
"415","Newport Pier",0,0,0.93,4.97,2.56,3.8,0.46,3.9,228786,14.6
"416","Stearns Wharf",0,0,4.79,1.27,0.047,7.168,1.013,10.853,26220,12
"417","Santa Monica Pier",0,0,0.165426,2.3,0.15,1.161016,0.334934,2.98639,31042,16
"418","Newport Pier",0,0,2.53,5.24,0.51,14.63,1.05,15.63,38998,12.6
"419","Scripps Pier",0,0,0.54,3.08,0.2,5.61,0.59,9.6,32800,14.6
"420","Santa Monica Pier",0,0,0.570819,28.4,0.092,1.660783,0.281238,2.35212,356170,15
"421","Scripps Pier",0,0,0.14,2.65,2.64,0.27,0.37,0.7,171200,15.4
"422","Stearns Wharf",0,0,2.647,5.06,4.42,0.449,0.306,0.279,149432,15
"423","Stearns Wharf",0,0,3.777,1.56,0.07,0.581,0.372,2.364,2552,15
"424","Santa Monica Pier",0,0,2.28181,6,0.11,0.576436,0.310768,0.887959,65450,16
"425","Stearns Wharf",0,0,12.017,1.52,0,0.817,0.208,2.131,520,16
"426","Scripps Pier",0,0,0.06,1.52,0.2,0.15,0.23,1.72,20800,17.3
"427","Stearns Wharf",0,0,76.286,1.55,0.22,0.066,0.178,0.38,10906,15
"428","Scripps Pier",0,0,0.8,1.64,0.08,0.14,0.22,2.15,30000,19.1
"429","Santa Monica Pier",0,0,12.7304,2.7,0.48,0.528256,0.303942,3.16326,42262,18
"430","Stearns Wharf",0,0,1.463,1.11,0.53,0.218,0.466,2.196,52440,20
"431","Scripps Pier",0,0,0.97,0.6,0.1,0.18,0.21,4.33,5600,19.6
"432","Santa Monica Pier",0,0,9.85191,1.4,0.05,0.321269,0.297353,3.27475,12716,20
"433","Stearns Wharf",0,928,29.103,3.2,0.045,0.533,0.284,2.228,13226,17
"434","Stearns Wharf",0,3713,6.076,3.52,0,0.629,0.279,2.287,45479,16
"435","Stearns Wharf",0,0,1.333,0.96,0.05,0.026,0.14,1.287,14155,17
"436","Stearns Wharf",0,0,11.385,1.67,0,0.047,0.077,3.363,2560,17
"437","Stearns Wharf",0,0,0.687,2.06,0,0.036,0.046,4.613,61257,16
"438","Stearns Wharf",0,0,1.125,5.81,0,0.413,0.242,8.769,1856,17
"439","Stearns Wharf",0,0,0.88,3.08,0,0.011,0.181,9.454,928,18
"440","Stearns Wharf",0,0,2.856,2.83,0.36,2.344,0.614,7.984,103488,16
"441","Stearns Wharf",0,0,3.275,3.12,0,1.446,0.43,9.829,10673,15
"442","Scripps Pier",0,0,0.87,2.85,0.4,1.6,0.26,4.97,86000,17.1
"443","Stearns Wharf",0,0,1.057,6.94,0,0.035,0.168,6.853,4641,16
"444","Stearns Wharf",0,0,4.441,1.32,0,0.814,0.508,4.703,9746,18
"445","Stearns Wharf",0,0,7.793,1.39,0,0.046,0.133,1.556,0,17
"446","Scripps Pier",0,0,0.85,1.04,0.1,0.12,0.17,2.52,20400,19.7
"447","Stearns Wharf",0,0,1.569,1.52,0,0.419,0.326,4.208,4408,18
"448","Santa Monica Pier",519,0,4.94333,0.56,0.05,1.049544,0.377674,0.342187,15064,20.5
"449","Stearns Wharf",0,0,3.086,0.88,0.08,0.491,0.135,0.712,7425,16
"450","Stearns Wharf",0,0,2.892,1.62,0,0.359,0.271,1.104,3713,17
"451","Stearns Wharf",0,0,1.357,2.89,0,0.423,0.505,4.987,0,17
"452","Stearns Wharf",0,0,7.045,1.21,0,0.691,0.463,3.796,1624,16
"453","Stearns Wharf",0,0,41.729,1.42,0,0.561,0.577,2.852,14851,16
"454","Stearns Wharf",0,0,1.805,1.02,0,0.666,0.655,2.612,3249,16
"455","Stearns Wharf",0,0,1.792,0.93,0,0.47,0.345,2.358,320,16
"456","Stearns Wharf",0,0,4.597,2.36,0,0.424,0.432,3.428,0,17
"457","Stearns Wharf",0,0,1.247,1.64,0,0.535,0.361,4.15,0,16
"458","Stearns Wharf",0,0,4.484,2.61,0,0.528,0.478,5.282,2784,17
"459","Stearns Wharf",0,0,10.341,1.25,0,0.883,0.629,5.039,3016,15
"460","Stearns Wharf",0,0,2.153,1.66,0,0.567,0.449,3.764,10674,16
"461","Stearns Wharf",0,0,2.184,1.3,0,0.681,0.568,3.811,17171,15
"462","Stearns Wharf",0,0,3.392,2.51,0,0.995,0.479,3.322,4409,15
"463","Stearns Wharf",0,0,1.424,1.49,0,1.347,0.537,4.449,480,15
"464","Santa Monica Pier",0,374,47.8527,3.03,0.04,1.406271,0.287399,4.08513,26554,14.5
"465","Stearns Wharf",0,0,1.548,1.85,0,2.236,0.552,5.446,2784,14
"466","Stearns Wharf",0,0,4.882,1.01,0,0.802,0.449,4.214,800,14
"467","Stearns Wharf",0,0,250,1.71,0,0.446,0.297,3.653,464,13
"468","Stearns Wharf",0,0,44.217,1.38,0,0.641,0.367,4.43,2784,15
"469","Stearns Wharf",0,0,29.079,0.63,0,0.71,0.463,4.661,464,14
"470","Stearns Wharf",0,0,11.105,0.92,0,1.121,0.541,5.521,928,9
"471","Stearns Wharf",0,0,115.724,2.55,0,1.345,0.248,2.299,12530,14
"472","Stearns Wharf",0,0,14.35,0.87,0,0.388,0.245,0.515,10209,11
"473","Scripps Pier",400,0,0.57,1.28,0.05,0.08,0.12,0.61,76000,15.5
"474","Stearns Wharf",0,0,4.824,1.56,0,1.961,0.416,3.631,4177,14
"475","Stearns Wharf",0,0,0.36,2.89,0,0.236,0.194,2.938,11602,15
"476","Stearns Wharf",0,0,23.441,1.32,0,1.253,0.967,7.791,12762,16
"477","Santa Monica Pier",0,0,5.44,2.35,0.07,0.613333,0.158859,1.1,731771,16
"478","Stearns Wharf",0,0,10.744,1.66,0,1.188,0.303,2.07,63578,14
"479","Stearns Wharf",0,0,13.149,1.03,0,1.319,0.594,4.267,1160,13
"480","Santa Monica Pier",0,0,9.21,3.51,0.05,0.714179,0.292152,2.93,13464,17
"481","Stearns Wharf",0,0,6.764,0.56,0,16.337,1.565,17.695,464,11
"482","Stearns Wharf",0,0,11.413,8.07,0.2,3.625,0.765,4.931,179689,15
"483","Santa Monica Pier",0,0,5.23,4.48,0.3,1.870771,0.36748,5.21,79662,18
"484","Stearns Wharf",0,0,6.155,4.11,0.63,3.188,0.854,0.833,145719,13
"485","Santa Monica Pier",0,0,5.03,12.35,1.6,0.798369,0.080487,2.34,900238,17
"486","Stearns Wharf",0,0,35.57,0.88,0,0.863,0.726,3.367,11138,17
"487","Santa Monica Pier",0,0,33.2842,3.15,0.2,1.976442,0.326081,8.25,128244,19
"488","Stearns Wharf",0,0,46.84,1.75,0.46,0.434,0.536,1.52,96991,15
"489","Stearns Wharf",0,0,22.409,2.22,0,0.555,0.595,6.298,0,16
"490","Stearns Wharf",0,0,2.042,3.01,0,0.433,0.452,5.815,16242,16
"491","Stearns Wharf",0,0,57.656,1.04,0.13,0.884,0.423,3.338,18795,17
"492","Stearns Wharf",0,0,1.582,1.23,0.07,0.013,0.08,0.923,136437,18
"493","Stearns Wharf",0,0,12.401,2.02,0,0.039,0.53,5.427,928,20
"494","Stearns Wharf",0,0,222,1.37,0,0.575,0.194,2.808,0,20
"495","Stearns Wharf",0,0,530,0.64,0,0.03,0.142,3.76,5940,20
"496","Stearns Wharf",0,0,127.616,1.36,0,0.442,0.332,1.629,109522,19
"497","Stearns Wharf",0,0,10.956,1.05,0,0.27,0.199,3.686,377199,17
"498","Stearns Wharf",0,0,0.846,1.44,0,0.292,0.298,1.661,267307,16.4
"499","Stearns Wharf",0,0,7.597,0.74,0,0.465,0.174,2.526,120288,17.4
"500","Stearns Wharf",0,0,0.988,0.94,0,0.042,0.147,1.432,150824,18.6
"501","Stearns Wharf",0,0,8.458,0.8,0,0.277,0.164,2.153,119545,18.6
"502","Stearns Wharf",0,0,0.825,1.3,0,0.049,0.254,4.145,2088,19.6
"503","Stearns Wharf",0,0,1.843,1.03,0,0.41,0.324,4.17,0,19
"504","Stearns Wharf",0,0,13.646,0.84,0,0.37,0.194,2.672,928,20
"505","Stearns Wharf",0,0,7.252,1.88,0,0.783,0.271,3.957,4176,18.3
"506","Stearns Wharf",0,0,0.726,1.21,0,0.042,0.2,2.321,141078,18.4
"507","Stearns Wharf",0,0,4.114,0.76,0,0.017,0.154,0.871,40374,21
"508","Stearns Wharf",0,0,3.487,0.99,0,0.302,0.423,3.614,928,20.9
"509","Stearns Wharf",0,0,4.07,0.93,0,0.052,0.313,2.668,10210,21.1
"510","Stearns Wharf",0,0,5.844,0.95,0,0.233,0.321,2.588,38054,19.5
"511","Stearns Wharf",0,0,3.724,1.88,0,0.237,0.396,4.391,928,18
"512","Stearns Wharf",0,0,2.64,0.84,0,0.068,0.269,2.117,3249,18.6
"513","Stearns Wharf",0,0,7.625,1,0,0.41,0.364,2.922,9746,17.9
"514","Stearns Wharf",0,0,3.402,1.34,0,0.645,0.539,4.156,928,17
"515","Stearns Wharf",0,0,1.359,0.72,0,0.274,0.25,1.983,0,18.1
"516","Stearns Wharf",0,0,2.8,0.83,0,0.357,0.288,2.484,0,18
"517","Stearns Wharf",0,0,2.88,1.39,0,0.441,0.312,3.96,464,17.3
"518","Stearns Wharf",0,0,7.397,2.55,0,0.539,0.295,4.939,0,17.1
"519","Stearns Wharf",0,0,4.123,1.75,0,0.446,0.313,3.509,0,16.1
"520","Stearns Wharf",0,0,3.08,0.51,0,0.526,0.441,3.42,464,15.7
"521","Stearns Wharf",0,0,1.812,1.16,0,0.353,0.328,3.065,5105,16
"522","Stearns Wharf",0,0,2.673,1.05,0,0.392,0.343,4.163,464,16
"523","Stearns Wharf",0,0,3.261,1.22,0,0.299,0.274,3.521,5105,16
"524","Stearns Wharf",0,0,2.138,0.89,0,0.547,0.381,4.579,0,16.5
"525","Stearns Wharf",0,0,2.403,1.58,0,0.872,0.265,3.643,20419,16.4
"526","Stearns Wharf",0,0,3.778,0.63,0,0.756,0.631,5.947,1392,15
"527","Stearns Wharf",0,0,2.058,1.66,0,1.224,0.408,5.597,6497,14.75
"528","Stearns Wharf",0,0,2.01,1.17,0,0.506,0.193,0.098,129198,15.5
"529","Stearns Wharf",0,0,7.774,1.59,0,0.567,0.417,1.721,7425,16
"530","Stearns Wharf",0,0,1.687,1.37,0,0.307,0.28,1.595,1856,17
"531","Stearns Wharf",0,0,3.592,1.61,0,0.952,0.457,3.52,8353,15
"532","Stearns Wharf",0,0,0.817,1.19,0,0.047,0.185,0.92,6033,15
"533","Stearns Wharf",0,0,6.123,0.6,0,0.739,0.556,4.335,0,15
"534","Stearns Wharf",0,0,5.61,0.8,0,9.244,1.052,10.386,9281,13
"535","Stearns Wharf",0,0,2.544,1.63,0,8.812,0.858,9.888,18563,12
"536","Stearns Wharf",0,0,1.446,2.32,0.27,0.316,0.172,0.489,226004,14.4
"537","Stearns Wharf",0,0,3.049,1.18,0.14,0.604,0.351,1.346,6961,15.7
"538","Stearns Wharf",0,0,1.776,1.09,0.419,0.304,0.293,1.075,22739,16.5
"539","Stearns Wharf",0,0,0.639,0.51,0,0.31,0.235,3.663,1856,16
"540","Stearns Wharf",0,0,3.652,1.15,0,1.701,0.522,9.982,0,16
"541","Stearns Wharf",0,0,1.899,0.45,0.454,0.351,0.239,2.297,9281,16.1
"542","Stearns Wharf",0,0,3.524,1.14,0,0.763,0.383,8.109,928,19.3
"543","Stearns Wharf",0,0,0.324,0.85,0.099,0.32,0.234,7.389,7889,18.4
"544","Stearns Wharf",0,0,9.526,0.76,0.255,0.443,0.255,5.346,26452,17.1
"545","Stearns Wharf",0,0,4.633,0.68,0,0.07,0.215,5.177,3713,18.7
"546","Stearns Wharf",0,0,1.533,1.66,0,0.085,0.11,5.059,11602,21
"547","Stearns Wharf",0,0,13.645,1.59,0,0.312,0.397,7.44,3016,21.7
"548","Stearns Wharf",0,0,0.378,1.21,0,0.01,0.229,6.234,24596,21
"549","Stearns Wharf",0,0,18.72,1,0,0.376,0.279,4.669,47335,19.1
"550","Stearns Wharf",0,0,20.226,1.85,0,0.259,0.38,5.754,194540,19.8
"551","Stearns Wharf",0,0,3.007,1.11,0,0.063,0.208,4.77,28773,20.3
"552","Stearns Wharf",0,0,37.664,1.3,0,0.061,0.398,6.881,0,22.9
"553","Stearns Wharf",0,0,45.164,0.66,0,0.28,0.506,8.694,0,21.9
"554","Stearns Wharf",0,0,8.503,0.55,0,0.011,0.267,8.548,0,22.3
"555","Stearns Wharf",0,0,9.297,0.38,0,0.266,0.236,6.51,1856,22.3
"556","Stearns Wharf",0,0,3.052,1.19,0,0.244,0.449,7.213,5569,21
"557","Stearns Wharf",0,0,6.134,0.99,0,0.01,0.325,6.151,464,21.6
"558","Stearns Wharf",0,0,4.383,0.69,0.08,0.052,0.32,6.403,0,21.5
"559","Stearns Wharf",0,0,0.429,0.64,0,0.324,0.378,7.927,4177,20.4
"560","Stearns Wharf",0,0,1.82,0.66,0.04,0.292,0.314,4.763,1856,18.8
"561","Stearns Wharf",0,0,7.61,0.79,0,0.018,0.352,4.704,23204,17.3
"562","Stearns Wharf",0,0,6.861,0.75,0,2.32,0.585,6.938,19955,15.4
"563","Stearns Wharf",0,0,33.415,0.79,0,0.061,0.262,3.303,928,16.4
"564","Stearns Wharf",0,0,48.313,0.61,0,0.071,0.323,3.45,2784,16.7
"565","Stearns Wharf",0,0,5.574,1.19,0,0.743,0.319,4.459,10210,17.4
"566","Stearns Wharf",0,0,48.443,0.84,0,0.696,0.319,4.126,3713,16.6
"567","Stearns Wharf",0,0,1.87,1.32,0,0.675,0.354,4.341,38518,16
"568","Stearns Wharf",0,0,102.078,2.32,0,4.84,0.595,7.223,14386,13.9
"569","Stearns Wharf",0,0,47.297,3.32,0.05,1.74,0.414,4.145,928,14.5
"570","Stearns Wharf",0,0,25.961,1.39,0,3.1,0.551,6.135,1856,14.4
"571","Stearns Wharf",0,0,5.511,1.95,0,1.61,0.397,5.762,2784,15.1
"572","Newport Pier",0,0,12.48,3.11,0.04,0.62,0.37,3.82,0,15.5
"573","Stearns Wharf",0,0,6.273,2.59,0,2.03,0.457,5.674,4641,14.9
"574","Stearns Wharf",0,0,3.9,0.66,0,4.64,0.621,7.624,1856,13.6
"575","Stearns Wharf",0,0,1.29,1.17,0,0.225,0.246,4.547,0,15.6
"576","Stearns Wharf",0,0,1.71,1.12,0,0.347,0.278,4.665,5105,17
"577","Stearns Wharf",0,0,2.86,0.5,0,1.89,0.579,7.977,0,15
"578","Stearns Wharf",0,0,2.77,0.67,0,8.08,0.872,10.094,19491,14.1
"579","Stearns Wharf",0,0,1.068,1.23,0,0.63,0.334,3.067,62650,16.8
"580","Stearns Wharf",0,0,1.728,1.27,0,1.238,0.428,5.615,928,15.8
"581","Stearns Wharf",0,0,2.992,3.89,0.04,4.384,0.525,7.19,11138,14.3
"582","Stearns Wharf",0,0,2.869,0.81,0,0.781,0.394,2.87,5105,16
"583","Stearns Wharf",0,0,33.081,1.61,0.07,1.504,0.29,3.78,0,15.6
"584","Stearns Wharf",0,0,61.676,0.82,0,6.89,0.77,10.2,1856,14
"585","Stearns Wharf",0,0,3.091,9.54,0,4.25,0.371,10.8,50491,15.7
"586","Stearns Wharf",0,0,0.759,4.43,0,0.103,0.192,3.34,86132,16
"587","Stearns Wharf",0,0,5.538,3.54,0,0.008,0.166,5.19,1856,17
"588","Stearns Wharf",0,0,46.023,1.32,0,3.575,0.506,7.75,928,15
"589","Stearns Wharf",0,0,8.572,2.92,0,3.069,0.666,9.39,19955,14.6
"590","Stearns Wharf",0,0,10.984,1.9,0,0.888,0.663,5.12,97455,15
"591","Stearns Wharf",0,0,1.965,4.21,0.18,0.352,0.189,5.51,83533,16.6
"592","Stearns Wharf",0,0,3.747,1.36,0,0.476,0.231,7.23,2784,19.2
"593","Stearns Wharf",0,0,1.563,2.78,0,0.093,0.124,0.593,2970,19.4
"594","Stearns Wharf",0,0,2.248,1.77,0,0.305,0.52,4.82,151752,18.3
"595","Stearns Wharf",0,0,10.432,0.99,0,0.442,0.29,2.57,0,20.4
"596","Stearns Wharf",0,0,18.163,1.31,0,0.007,0.188,3.44,4177,18.2
"597","Stearns Wharf",0,0,7.218,0.75,0,0.855,0.322,4.81,0,19.6
"598","Stearns Wharf",0,0,1.456,2.39,0,0.361,0.494,7.68,3713,18.4
"599","Stearns Wharf",0,0,1.029,5.42,0,0.082,0.236,6.6,3713,18.5
"600","Stearns Wharf",0,4177,1.259,2,0,0.009,0.266,6.14,9745,18.3
"601","Stearns Wharf",0,0,1.199,2.1,0,0.04,0.404,7.76,10674,16.6
"602","Stearns Wharf",0,0,3.798,1.33,0,0.041,0.132,4.28,15315,18.9
"603","Stearns Wharf",0,0,1.177,2.22,0,0.003,0.183,4.16,0,18.1
"604","Stearns Wharf",0,0,19.8,2.44,0,0.639,0.733,8.225,4455,17.6
"605","Stearns Wharf",0,0,3.581,0.92,0,0.002,0.355,3.74,7425,18.6
"606","Stearns Wharf",0,0,0.547,2.78,0,0.074,0.374,5.239,20883,17.3
"607","Stearns Wharf",0,0,1.473,1.78,0,0.076,0.303,4.531,1856,18.2
"608","Stearns Wharf",0,0,3.5,2.24,0,0.326,0.405,4.915,14850,17.4
"609","Stearns Wharf",0,0,7.19,2,0,0.991,0.49,3.867,72395,16.1
"610","Stearns Wharf",0,0,2.361,2.34,0,0.021,0.304,5.109,26452,17.4
"611","Stearns Wharf",0,0,7.24,3.93,0,0.316,0.394,6.308,10673,16.4
"612","Stearns Wharf",0,0,2.52,0.74,0,0.408,0.465,2.875,17635,17.1
"613","Stearns Wharf",0,0,2.148,2.54,0,0.099,0.361,3.383,38518,17.3
"614","Stearns Wharf",0,0,6.85,1.02,0,0.482,0.673,3.674,7425,17
"615","Stearns Wharf",0,0,2.8,0.56,0,3.855,0.699,5.912,9281,14.4
"616","Stearns Wharf",0,0,5.85,2.49,0,1.465,0.569,4.714,24132,14.5
"617","Stearns Wharf",0,0,1.935,4.6,0,0.345,0.109,4,2784,15
"618","Stearns Wharf",0,0,11.6,1.34,0,5.566,0.849,7.174,11602,13
"619","Stearns Wharf",0,0,1.33,2.56,0,3.565,0.519,5.411,8817,13
"620","Stearns Wharf",0,0,2.518,0.85,0,3.715,0.684,6.229,1856,13.6
"621","Stearns Wharf",0,0,6.59,0.47,0,3.585,1.152,6.113,0,14.5
"622","Stearns Wharf",0,0,2.84,0.77,0,1.947,0.602,4.32,0,13.7
"623","Stearns Wharf",0,0,1.55,0.68,0,3.934,0.675,5.76,0,13.1
"624","Stearns Wharf",0,0,3.22,0.52,0,3.804,1.05,7.61,0,13
"625","Stearns Wharf",0,0,9.4,1.42,0,2.63,0.678,8.57,0,14
"626","Stearns Wharf",0,0,8.79,0.98,0,2.685,0.574,8.06,0,13.8
"627","Stearns Wharf",0,0,5.69,0.82,0,29.178,1.89,49.2,0,13.6
"628","Stearns Wharf",0,0,6.45,1.26,0,4.142,0.777,8.13,0,13.8
"629","Stearns Wharf",0,0,7.59,0.57,0,4.685,0.882,6.68,7425,13.3
"630","Stearns Wharf",0,0,7.75,1.31,0,0.854,0.253,1.29,141078,15.1
"631","Stearns Wharf",0,0,7.83,1.26,0.06,0.137,0.287,0.732,10210,15.3
"632","Stearns Wharf",0,0,11.8,1.93,0.26,6.436,0.746,7.05,36662,14.7
"633","Stearns Wharf",0,0,4.02,2.2,1.08,12.42,1.11,13.1,87710,13.3
"634","Stearns Wharf",0,0,3.4,2.12,2.24,6.671,0.866,8.57,62650,13.6
"635","Stearns Wharf",0,0,5.52,5.82,7.56,2.161,0.458,1.35,270276,14
"636","Stearns Wharf",0,0,2.84,2.37,0.04,0.265,0.299,1.51,0,17
"637","Stearns Wharf",0,9281,18.6,3.76,0.07,18.319,1.94,23.8,0,13.1
"638","Stearns Wharf",0,0,2.13,11.01,0.97,0.256,0.215,1.65,109893,13.6
"639","Stearns Wharf",0,0,2.19,5.49,0.728,0.062,0.583,2.56,49192,15.9
"640","Stearns Wharf",0,2784,1.1,5.3,0.473,0.006,0.344,5.63,43623,15.7
"641","Stearns Wharf",0,0,19.575,4.08,4.189,0.341,0.19,0.836,148504,15.6
"642","Stearns Wharf",0,0,177.924,3.38,0.21,0.019,0.11,0.497,68311,17.7
"643","Stearns Wharf",0,0,3.429,1.44,0,0.066,0.34,2.076,19491,18.5
"644","Stearns Wharf",0,0,4.831,1.35,0,0.565,0.66,7.972,0,18.3
"645","Stearns Wharf",0,0,3.687,1.3,0,0.286,0.58,6.885,5569,16.5
"646","Stearns Wharf",0,0,3.956,2.71,0,0.415,0.58,5.835,3249,17.7
"647","Stearns Wharf",0,0,4.793,0,0,0.318,0.41,3.841,0,18.9
"648","Stearns Wharf",0,0,17.157,0,0,0.004,0.07,3.535,10674,19.5
"649","Stearns Wharf",0,0,3.647,0,0,-0.002,0.22,5.848,6961,17.6
"650","Stearns Wharf",0,0,18.43,0,0,0.004,0.18,4.524,6033,19.3
"651","Stearns Wharf",0,0,0.847,0,0,-0.001,0.1,2.833,11138,18.7
"652","Stearns Wharf",0,0,2.072,0,0,0.033,0.46,5.196,8817,17.5
"653","Stearns Wharf",0,0,3.942,0,0,0.017,0.19,4.138,0,21.6
